DATE,TAVG,TMAX,TMIN
1/1/2010,,43,28
1/2/2010,,28,18
1/3/2010,,26,14
1/4/2010,,32,21
1/5/2010,,35,27
1/6/2010,,37,28
1/7/2010,,37,28
1/8/2010,,32,22
1/9/2010,,36,22
1/10/2010,,31,19
1/11/2010,,37,13
1/12/2010,,34,27
1/13/2010,,44,23
1/14/2010,,53,19
1/15/2010,,55,21
1/16/2010,,52,27
1/17/2010,,44,35
1/18/2010,,55,31
1/19/2010,,60,28
1/20/2010,,43,34
1/21/2010,,43,28
1/22/2010,,39,34
1/23/2010,,47,28
1/24/2010,,57,34
1/25/2010,,65,44
1/26/2010,,44,33
1/27/2010,,44,26
1/28/2010,,52,25
1/29/2010,,26,18
1/30/2010,,21,17
1/31/2010,,33,11
2/1/2010,,38,6
2/2/2010,,40,15
2/3/2010,,40,27
2/4/2010,,40,27
2/5/2010,,35,30
2/6/2010,,32,10
2/7/2010,,31,7
2/8/2010,,32,13
2/9/2010,,35,10
2/10/2010,,30,20
2/11/2010,,38,28
2/12/2010,,37,23
2/13/2010,,32,26
2/14/2010,,38,19
2/15/2010,,37,9
2/16/2010,,35,20
2/17/2010,,36,21
2/18/2010,,42,32
2/19/2010,,42,35
2/20/2010,,42,29
2/21/2010,,50,23
2/22/2010,,44,30
2/23/2010,,44,35
2/24/2010,,44,31
2/25/2010,,40,30
2/26/2010,,37,29
2/27/2010,,45,31
2/28/2010,,46,34
3/1/2010,,49,35
3/2/2010,,43,32
3/3/2010,,43,36
3/4/2010,,46,33
3/5/2010,,51,32
3/6/2010,,52,31
3/7/2010,,59,33
3/8/2010,,60,29
3/9/2010,,66,29
3/10/2010,,67,38
3/11/2010,,69,42
3/12/2010,,56,49
3/13/2010,,55,49
3/14/2010,,50,48
3/15/2010,,51,47
3/16/2010,,63,38
3/17/2010,,68,34
3/18/2010,,69,33
3/19/2010,,73,36
3/20/2010,,76,36
3/21/2010,,78,40
3/22/2010,,67,53
3/23/2010,,53,42
3/24/2010,,68,44
3/25/2010,,74,40
3/26/2010,,55,37
3/27/2010,,51,30
3/28/2010,,61,40
3/29/2010,,59,49
3/30/2010,,58,44
3/31/2010,,73,46
4/1/2010,,79,39
4/2/2010,,80,47
4/3/2010,,76,50
4/4/2010,,77,53
4/5/2010,,86,51
4/6/2010,,93,61
4/7/2010,,91,65
4/8/2010,,85,56
4/9/2010,,58,45
4/10/2010,,68,41
4/11/2010,,78,38
4/12/2010,,73,50
4/13/2010,,53,46
4/14/2010,,63,43
4/15/2010,,78,38
4/16/2010,,85,56
4/17/2010,,67,42
4/18/2010,,57,32
4/19/2010,,68,37
4/20/2010,,68,40
4/21/2010,,59,45
4/22/2010,,75,47
4/23/2010,,73,45
4/24/2010,,60,48
4/25/2010,,80,52
4/26/2010,,65,53
4/27/2010,,64,43
4/28/2010,,61,37
4/29/2010,,73,35
4/30/2010,,85,41
5/1/2010,,90,57
5/2/2010,,88,70
5/3/2010,,83,67
5/4/2010,,82,59
5/5/2010,,84,50
5/6/2010,,83,61
5/7/2010,,78,48
5/8/2010,,76,54
5/9/2010,,63,47
5/10/2010,,67,34
5/11/2010,,55,39
5/12/2010,,79,53
5/13/2010,,63,52
5/14/2010,,89,59
5/15/2010,,80,56
5/16/2010,,74,57
5/17/2010,,64,53
5/18/2010,,60,51
5/19/2010,,62,47
5/20/2010,,81,47
5/21/2010,,86,51
5/22/2010,,77,63
5/23/2010,,75,65
5/24/2010,,78,64
5/25/2010,,80,60
5/26/2010,,87,58
5/27/2010,,92,65
5/28/2010,,76,63
5/29/2010,,81,67
5/30/2010,,87,64
5/31/2010,,90,65
6/1/2010,,86,70
6/2/2010,,87,62
6/3/2010,,89,68
6/4/2010,,89,67
6/5/2010,,89,66
6/6/2010,,87,66
6/7/2010,,75,58
6/8/2010,,77,50
6/9/2010,,73,61
6/10/2010,,88,64
6/11/2010,,85,59
6/12/2010,,91,68
6/13/2010,,91,71
6/14/2010,,90,72
6/15/2010,,78,68
6/16/2010,,80,71
6/17/2010,,84,67
6/18/2010,,84,58
6/19/2010,,91,63
6/20/2010,,91,71
6/21/2010,,89,66
6/22/2010,,94,66
6/23/2010,,95,67
6/24/2010,,97,73
6/25/2010,,89,68
6/26/2010,,92,65
6/27/2010,,97,67
6/28/2010,,94,73
6/29/2010,,90,74
6/30/2010,,81,63
7/1/2010,,79,59
7/2/2010,,81,53
7/3/2010,,87,52
7/4/2010,,95,57
7/5/2010,,96,64
7/6/2010,,100,69
7/7/2010,,101,73
7/8/2010,,95,78
7/9/2010,,91,74
7/10/2010,,84,71
7/11/2010,,90,64
7/12/2010,,84,65
7/13/2010,,85,71
7/14/2010,,88,71
7/15/2010,,91,69
7/16/2010,,96,71
7/17/2010,,92,71
7/18/2010,,92,71
7/19/2010,,91,71
7/20/2010,,90,69
7/21/2010,,90,73
7/22/2010,,95,72
7/23/2010,,96,68
7/24/2010,,99,78
7/25/2010,,98,74
7/26/2010,,88,67
7/27/2010,,87,62
7/28/2010,,93,71
7/29/2010,,92,73
7/30/2010,,85,66
7/31/2010,,85,63
8/1/2010,,81,65
8/2/2010,,82,69
8/3/2010,,84,72
8/4/2010,,93,73
8/5/2010,,95,70
8/6/2010,,90,69
8/7/2010,,85,59
8/8/2010,,88,62
8/9/2010,,92,71
8/10/2010,,95,73
8/11/2010,,97,72
8/12/2010,,90,71
8/13/2010,,76,70
8/14/2010,,82,67
8/15/2010,,79,71
8/16/2010,,90,71
8/17/2010,,89,72
8/18/2010,,80,67
8/19/2010,,86,67
8/20/2010,,90,65
8/21/2010,,88,68
8/22/2010,,88,72
8/23/2010,,85,68
8/24/2010,,73,65
8/25/2010,,81,64
8/26/2010,,85,63
8/27/2010,,82,60
8/28/2010,,86,62
8/29/2010,,91,61
8/30/2010,,94,63
8/31/2010,,95,61
9/1/2010,,96,65
9/2/2010,,93,65
9/3/2010,,90,72
9/4/2010,,82,61
9/5/2010,,79,54
9/6/2010,,84,56
9/7/2010,,92,63
9/8/2010,,93,69
9/9/2010,,79,56
9/10/2010,,76,53
9/11/2010,,79,47
9/12/2010,,76,61
9/13/2010,,87,56
9/14/2010,,81,56
9/15/2010,,86,51
9/16/2010,,85,58
9/17/2010,,78,60
9/18/2010,,79,54
9/19/2010,,86,52
9/20/2010,,80,53
9/21/2010,,80,46
9/22/2010,,94,63
9/23/2010,,93,64
9/24/2010,,97,64
9/25/2010,,93,68
9/26/2010,,73,59
9/27/2010,,76,62
9/28/2010,,81,62
9/29/2010,,66,52
9/30/2010,,79,61
10/1/2010,,73,58
10/2/2010,,70,45
10/3/2010,,67,47
10/4/2010,,56,48
10/5/2010,,61,40
10/6/2010,,59,50
10/7/2010,,74,47
10/8/2010,,77,44
10/9/2010,,83,48
10/10/2010,,79,49
10/11/2010,,86,56
10/12/2010,,83,55
10/13/2010,,68,48
10/14/2010,,62,48
10/15/2010,,62,47
10/16/2010,,66,43
10/17/2010,,77,41
10/18/2010,,66,44
10/19/2010,,61,48
10/20/2010,,59,47
10/21/2010,,67,41
10/22/2010,,58,38
10/23/2010,,71,33
10/24/2010,,75,51
10/25/2010,,74,54
10/26/2010,,75,61
10/27/2010,,74,65
10/28/2010,,78,50
10/29/2010,,54,39
10/30/2010,,60,33
10/31/2010,,64,38
11/1/2010,,53,32
11/2/2010,,51,31
11/3/2010,,55,30
11/4/2010,,49,44
11/5/2010,,56,39
11/6/2010,,52,31
11/7/2010,,51,31
11/8/2010,,63,32
11/9/2010,,63,42
11/10/2010,,62,38
11/11/2010,,61,32
11/12/2010,,63,28
11/13/2010,,65,29
11/14/2010,,64,29
11/15/2010,,59,39
11/16/2010,,63,48
11/17/2010,,63,40
11/18/2010,,56,32
11/19/2010,,52,31
11/20/2010,,65,34
11/21/2010,,57,32
11/22/2010,,63,47
11/23/2010,,64,48
11/24/2010,,52,38
11/25/2010,,51,39
11/26/2010,,56,37
11/27/2010,,45,29
11/28/2010,,48,26
11/29/2010,,49,22
11/30/2010,,62,45
12/1/2010,,64,30
12/2/2010,,39,26
12/3/2010,,40,28
12/4/2010,,41,25
12/5/2010,,38,29
12/6/2010,,36,28
12/7/2010,,34,25
12/8/2010,,34,20
12/9/2010,,35,17
12/10/2010,,37,18
12/11/2010,,44,22
12/12/2010,,40,35
12/13/2010,,37,21
12/14/2010,,25,19
12/15/2010,,31,19
12/16/2010,,24,12
12/17/2010,,37,11
12/18/2010,,36,18
12/19/2010,,34,23
12/20/2010,,36,16
12/21/2010,,38,24
12/22/2010,,43,32
12/23/2010,,41,30
12/24/2010,,38,28
12/25/2010,,34,29
12/26/2010,,30,26
12/27/2010,,34,26
12/28/2010,,44,23
12/29/2010,,46,24
12/30/2010,,45,20
12/31/2010,,52,25
1/1/2011,,57,29
1/2/2011,,58,31
1/3/2011,,39,25
1/4/2011,,46,17
1/5/2011,,40,22
1/6/2011,,39,21
1/7/2011,,34,27
1/8/2011,,32,21
1/9/2011,,32,20
1/10/2011,,34,19
1/11/2011,,32,20
1/12/2011,,32,22
1/13/2011,,34,23
1/14/2011,,36,16
1/15/2011,,44,22
1/16/2011,,39,27
1/17/2011,,32,27
1/18/2011,,34,26
1/19/2011,,51,33
1/20/2011,,41,29
1/21/2011,,36,18
1/22/2011,,25,9
1/23/2011,,29,9
1/24/2011,,31,6
1/25/2011,,45,28
1/26/2011,,35,32
1/27/2011,,35,25
1/28/2011,,36,26
1/29/2011,,36,16
1/30/2011,,44,15
1/31/2011,,35,24
2/1/2011,,36,26
2/2/2011,,48,30
2/3/2011,,33,23
2/4/2011,,39,20
2/5/2011,,39,33
2/6/2011,,45,29
2/7/2011,,46,24
2/8/2011,,38,22
2/9/2011,,33,16
2/10/2011,,33,15
2/11/2011,,44,11
2/12/2011,,44,16
2/13/2011,,53,26
2/14/2011,,66,40
2/15/2011,,46,26
2/16/2011,,59,25
2/17/2011,,72,39
2/18/2011,,75,53
2/19/2011,,55,36
2/20/2011,,48,30
2/21/2011,,44,28
2/22/2011,,32,22
2/23/2011,,44,24
2/24/2011,,50,22
2/25/2011,,64,34
2/26/2011,,49,30
2/27/2011,,62,30
2/28/2011,,67,39
3/1/2011,,47,30
3/2/2011,,62,30
3/3/2011,,39,25
3/4/2011,,49,27
3/5/2011,,63,39
3/6/2011,,59,34
3/7/2011,,48,32
3/8/2011,,51,25
3/9/2011,,49,36
3/10/2011,,59,46
3/11/2011,,48,37
3/12/2011,,61,32
3/13/2011,,58,33
3/14/2011,,52,28
3/15/2011,,50,29
3/16/2011,,58,42
3/17/2011,,65,39
3/18/2011,,79,50
3/19/2011,,66,46
3/20/2011,,53,36
3/21/2011,,73,41
3/22/2011,,62,47
3/23/2011,,54,45
3/24/2011,,45,33
3/25/2011,,48,27
3/26/2011,,45,28
3/27/2011,,44,27
3/28/2011,,47,26
3/29/2011,,50,26
3/30/2011,,47,35
3/31/2011,,42,36
4/1/2011,,50,32
4/2/2011,,51,31
4/3/2011,,59,32
4/4/2011,,85,48
4/5/2011,,71,36
4/6/2011,,64,30
4/7/2011,,70,43
4/8/2011,,51,42
4/9/2011,,50,42
4/10/2011,,66,46
4/11/2011,,85,59
4/12/2011,,70,52
4/13/2011,,57,46
4/14/2011,,70,38
4/15/2011,,67,40
4/16/2011,,63,48
4/17/2011,,69,45
4/18/2011,,76,42
4/19/2011,,68,53
4/20/2011,,86,48
4/21/2011,,64,41
4/22/2011,,49,43
4/23/2011,,73,43
4/24/2011,,85,56
4/25/2011,,86,56
4/26/2011,,84,67
4/27/2011,,82,68
4/28/2011,,78,53
4/29/2011,,66,47
4/30/2011,,66,49
5/1/2011,,62,45
5/2/2011,,79,52
5/3/2011,,82,60
5/4/2011,,60,45
5/5/2011,,67,43
5/6/2011,,71,40
5/7/2011,,70,46
5/8/2011,,74,50
5/9/2011,,73,48
5/10/2011,,75,43
5/11/2011,,76,56
5/12/2011,,75,52
5/13/2011,,63,60
5/14/2011,,65,58
5/15/2011,,77,61
5/16/2011,,78,59
5/17/2011,,71,62
5/18/2011,,72,58
5/19/2011,,72,54
5/20/2011,,72,51
5/21/2011,,81,51
5/22/2011,,80,56
5/23/2011,,82,64
5/24/2011,,85,67
5/25/2011,,84,60
5/26/2011,,90,66
5/27/2011,,83,65
5/28/2011,,81,63
5/29/2011,,85,67
5/30/2011,,93,70
5/31/2011,,94,68
6/1/2011,,95,72
6/2/2011,,86,67
6/3/2011,,78,53
6/4/2011,,82,48
6/5/2011,,81,66
6/6/2011,,86,62
6/7/2011,,87,61
6/8/2011,,96,64
6/9/2011,,97,71
6/10/2011,,93,70
6/11/2011,,90,71
6/12/2011,,90,69
6/13/2011,,78,61
6/14/2011,,76,53
6/15/2011,,83,53
6/16/2011,,80,58
6/17/2011,,85,62
6/18/2011,,86,64
6/19/2011,,83,70
6/20/2011,,78,67
6/21/2011,,88,67
6/22/2011,,89,71
6/23/2011,,83,73
6/24/2011,,87,68
6/25/2011,,83,62
6/26/2011,,85,56
6/27/2011,,81,66
6/28/2011,,93,68
6/29/2011,,88,68
6/30/2011,,86,59
7/1/2011,,89,58
7/2/2011,,93,56
7/3/2011,,95,69
7/4/2011,,90,68
7/5/2011,,92,67
7/6/2011,,88,69
7/7/2011,,96,71
7/8/2011,,87,68
7/9/2011,,90,68
7/10/2011,,90,63
7/11/2011,,94,71
7/12/2011,,96,71
7/13/2011,,91,71
7/14/2011,,84,60
7/15/2011,,82,64
7/16/2011,,86,59
7/17/2011,,89,63
7/18/2011,,93,68
7/19/2011,,93,73
7/20/2011,,94,75
7/21/2011,,100,75
7/22/2011,,105,76
7/23/2011,,99,76
7/24/2011,,94,77
7/25/2011,,91,73
7/26/2011,,95,73
7/27/2011,,92,71
7/28/2011,,93,68
7/29/2011,,103,72
7/30/2011,,96,76
7/31/2011,,97,73
8/1/2011,,99,68
8/2/2011,,95,66
8/3/2011,,84,72
8/4/2011,,88,73
8/5/2011,,86,66
8/6/2011,,89,72
8/7/2011,,93,74
8/8/2011,,92,73
8/9/2011,,93,69
8/10/2011,,92,68
8/11/2011,,87,66
8/12/2011,,88,62
8/13/2011,,84,63
8/14/2011,,88,67
8/15/2011,,84,66
8/16/2011,,87,66
8/17/2011,,90,59
8/18/2011,,92,69
8/19/2011,,87,65
8/20/2011,,89,63
8/21/2011,,89,73
8/22/2011,,83,60
8/23/2011,,82,52
8/24/2011,,87,56
8/25/2011,,81,66
8/26/2011,,88,64
8/27/2011,,79,70
8/28/2011,,85,67
8/29/2011,,78,61
8/30/2011,,83,55
8/31/2011,,83,54
9/1/2011,,81,59
9/2/2011,,80,66
9/3/2011,,80,68
9/4/2011,,88,68
9/5/2011,,80,63
9/6/2011,,63,61
9/7/2011,,72,61
9/8/2011,,75,68
9/9/2011,,84,68
9/10/2011,,83,64
9/11/2011,,83,63
9/12/2011,,83,59
9/13/2011,,84,58
9/14/2011,,88,62
9/15/2011,,74,50
9/16/2011,,62,42
9/17/2011,,64,49
9/18/2011,,69,52
9/19/2011,,69,58
9/20/2011,,73,63
9/21/2011,,77,65
9/22/2011,,79,67
9/23/2011,,73,65
9/24/2011,,76,63
9/25/2011,,76,66
9/26/2011,,80,69
9/27/2011,,79,69
9/28/2011,,80,64
9/29/2011,,76,56
9/30/2011,,73,54
10/1/2011,,57,46
10/2/2011,,50,44
10/3/2011,,51,44
10/4/2011,,68,44
10/5/2011,,74,52
10/6/2011,,70,46
10/7/2011,,74,42
10/8/2011,,74,45
10/9/2011,,80,45
10/10/2011,,81,49
10/11/2011,,70,55
10/12/2011,,65,62
10/13/2011,,73,61
10/14/2011,,70,55
10/15/2011,,71,47
10/16/2011,,71,44
10/17/2011,,71,47
10/18/2011,,73,48
10/19/2011,,66,60
10/20/2011,,65,45
10/21/2011,,59,42
10/22/2011,,59,39
10/23/2011,,65,35
10/24/2011,,67,42
10/25/2011,,68,44
10/26/2011,,61,49
10/27/2011,,64,42
10/28/2011,,51,36
10/29/2011,,39,33
10/30/2011,,51,31
10/31/2011,,55,28
11/1/2011,,60,36
11/2/2011,,61,31
11/3/2011,,65,37
11/4/2011,,56,41
11/5/2011,,53,30
11/6/2011,,58,27
11/7/2011,,67,32
11/8/2011,,69,31
11/9/2011,,65,30
11/10/2011,,54,38
11/11/2011,,50,30
11/12/2011,,62,29
11/13/2011,,63,32
11/14/2011,,73,53
11/15/2011,,66,56
11/16/2011,,58,52
11/17/2011,,52,36
11/18/2011,,46,27
11/19/2011,,55,29
11/20/2011,,64,48
11/21/2011,,62,49
11/22/2011,,53,48
11/23/2011,,61,44
11/24/2011,,61,32
11/25/2011,,66,29
11/26/2011,,67,31
11/27/2011,,70,37
11/28/2011,,70,51
11/29/2011,,64,43
11/30/2011,,50,36
12/1/2011,,50,28
12/2/2011,,57,23
12/3/2011,,50,26
12/4/2011,,55,29
12/5/2011,,59,36
12/6/2011,,62,56
12/7/2011,,62,37
12/8/2011,,45,29
12/9/2011,,51,25
12/10/2011,,46,27
12/11/2011,,42,21
12/12/2011,,44,19
12/13/2011,,50,22
12/14/2011,,49,32
12/15/2011,,62,42
12/16/2011,,62,39
12/17/2011,,40,27
12/18/2011,,43,26
12/19/2011,,52,24
12/20/2011,,56,43
12/21/2011,,61,44
12/22/2011,,60,40
12/23/2011,,50,42
12/24/2011,,45,28
12/25/2011,,49,24
12/26/2011,,48,31
12/27/2011,,46,38
12/28/2011,,45,30
12/29/2011,,41,22
12/30/2011,,54,26
12/31/2011,,59,37
1/1/2012,,57,31
1/2/2012,,46,29
1/3/2012,,31,18
1/4/2012,,33,14
1/5/2012,,47,25
1/6/2012,,63,27
1/7/2012,,64,32
1/8/2012,,50,30
1/9/2012,,39,26
1/10/2012,,53,28
1/11/2012,,47,24
1/12/2012,,59,40
1/13/2012,,52,25
1/14/2012,,36,23
1/15/2012,,34,18
1/16/2012,,41,17
1/17/2012,,58,40
1/18/2012,,55,22
1/19/2012,,38,16
1/20/2012,,35,25
1/21/2012,,31,26
1/22/2012,,31,28
1/23/2012,,43,30
1/24/2012,,57,34
1/25/2012,,50,33
1/26/2012,,52,40
1/27/2012,,64,39
1/28/2012,,54,29
1/29/2012,,48,29
1/30/2012,,47,28
1/31/2012,,66,33
2/1/2012,,69,50
2/2/2012,,57,41
2/3/2012,,50,29
2/4/2012,,44,26
2/5/2012,,43,26
2/6/2012,,52,22
2/7/2012,,56,34
2/8/2012,,41,29
2/9/2012,,46,29
2/10/2012,,45,29
2/11/2012,,42,21
2/12/2012,,31,20
2/13/2012,,49,17
2/14/2012,,53,31
2/15/2012,,53,34
2/16/2012,,45,34
2/17/2012,,53,32
2/18/2012,,59,26
2/19/2012,,43,35
2/20/2012,,48,26
2/21/2012,,50,22
2/22/2012,,62,35
2/23/2012,,66,43
2/24/2012,,58,42
2/25/2012,,45,33
2/26/2012,,48,28
2/27/2012,,64,27
2/28/2012,,54,37
2/29/2012,,56,34
3/1/2012,,67,42
3/2/2012,,52,30
3/3/2012,,60,42
3/4/2012,,47,32
3/5/2012,,44,26
3/6/2012,,49,21
3/7/2012,,68,35
3/8/2012,,72,53
3/9/2012,,65,39
3/10/2012,,47,31
3/11/2012,,65,31
3/12/2012,,71,37
3/13/2012,,80,55
3/14/2012,,80,46
3/15/2012,,84,47
3/16/2012,,62,50
3/17/2012,,75,45
3/18/2012,,68,51
3/19/2012,,76,54
3/20/2012,,74,55
3/21/2012,,67,54
3/22/2012,,80,54
3/23/2012,,83,54
3/24/2012,,66,55
3/25/2012,,63,50
3/26/2012,,60,40
3/27/2012,,56,30
3/28/2012,,73,40
3/29/2012,,67,46
3/30/2012,,55,35
3/31/2012,,66,43
4/1/2012,,63,46
4/2/2012,,61,40
4/3/2012,,72,32
4/4/2012,,77,45
4/5/2012,,61,37
4/6/2012,,61,37
4/7/2012,,65,30
4/8/2012,,72,33
4/9/2012,,66,47
4/10/2012,,66,39
4/11/2012,,53,34
4/12/2012,,61,37
4/13/2012,,65,34
4/14/2012,,74,35
4/15/2012,,83,58
4/16/2012,,88,61
4/17/2012,,74,50
4/18/2012,,58,49
4/19/2012,,70,46
4/20/2012,,71,42
4/21/2012,,81,53
4/22/2012,,54,43
4/23/2012,,47,38
4/24/2012,,63,37
4/25/2012,,69,31
4/26/2012,,66,54
4/27/2012,,62,42
4/28/2012,,56,36
4/29/2012,,70,40
4/30/2012,,65,41
5/1/2012,,84,57
5/2/2012,,77,59
5/3/2012,,84,55
5/4/2012,,84,60
5/5/2012,,80,60
5/6/2012,,71,61
5/7/2012,,70,58
5/8/2012,,70,57
5/9/2012,,73,56
5/10/2012,,66,50
5/11/2012,,73,39
5/12/2012,,77,42
5/13/2012,,81,57
5/14/2012,,67,61
5/15/2012,,80,64
5/16/2012,,83,57
5/17/2012,,73,50
5/18/2012,,75,45
5/19/2012,,81,48
5/20/2012,,82,51
5/21/2012,,70,64
5/22/2012,,80,63
5/23/2012,,80,62
5/24/2012,,81,63
5/25/2012,,85,66
5/26/2012,,86,66
5/27/2012,,86,67
5/28/2012,,90,66
5/29/2012,,88,69
5/30/2012,,85,65
5/31/2012,,82,64
6/1/2012,,80,63
6/2/2012,,73,53
6/3/2012,,78,50
6/4/2012,,74,54
6/5/2012,,70,53
6/6/2012,,74,51
6/7/2012,,79,52
6/8/2012,,83,51
6/9/2012,,88,56
6/10/2012,,90,60
6/11/2012,,87,65
6/12/2012,,79,68
6/13/2012,,80,66
6/14/2012,,81,61
6/15/2012,,80,59
6/16/2012,,80,53
6/17/2012,,77,52
6/18/2012,,68,61
6/19/2012,,90,67
6/20/2012,,94,69
6/21/2012,,96,69
6/22/2012,,93,68
6/23/2012,,87,66
6/24/2012,,90,62
6/25/2012,,86,64
6/26/2012,,80,51
6/27/2012,,87,54
6/28/2012,,93,58
6/29/2012,,102,71
6/30/2012,,94,70
7/1/2012,,96,71
7/2/2012,,92,73
7/3/2012,,95,68
7/4/2012,,96,70
7/5/2012,,98,71
7/6/2012,,98,76
7/7/2012,,101,75
7/8/2012,,101,76
7/9/2012,,85,71
7/10/2012,,89,67
7/11/2012,,89,67
7/12/2012,,87,63
7/13/2012,,86,69
7/14/2012,,87,68
7/15/2012,,95,73
7/16/2012,,96,69
7/17/2012,,99,69
7/18/2012,,101,73
7/19/2012,,94,73
7/20/2012,,83,67
7/21/2012,,69,65
7/22/2012,,84,67
7/23/2012,,89,69
7/24/2012,,90,71
7/25/2012,,86,69
7/26/2012,,98,68
7/27/2012,,90,72
7/28/2012,,92,70
7/29/2012,,89,69
7/30/2012,,89,65
7/31/2012,,90,70
8/1/2012,,88,69
8/2/2012,,92,68
8/3/2012,,91,71
8/4/2012,,94,75
8/5/2012,,94,73
8/6/2012,,90,72
8/7/2012,,89,72
8/8/2012,,89,71
8/9/2012,,94,68
8/10/2012,,86,69
8/11/2012,,88,67
8/12/2012,,85,69
8/13/2012,,88,65
8/14/2012,,88,70
8/15/2012,,84,66
8/16/2012,,87,65
8/17/2012,,93,63
8/18/2012,,84,66
8/19/2012,,76,66
8/20/2012,,80,64
8/21/2012,,83,60
8/22/2012,,85,62
8/23/2012,,87,62
8/24/2012,,87,63
8/25/2012,,79,69
8/26/2012,,82,68
8/27/2012,,88,67
8/28/2012,,89,66
8/29/2012,,85,62
8/30/2012,,89,61
8/31/2012,,95,63
9/1/2012,,92,70
9/2/2012,,83,71
9/3/2012,,84,73
9/4/2012,,88,71
9/5/2012,,91,72
9/6/2012,,86,70
9/7/2012,,91,65
9/8/2012,,91,62
9/9/2012,,79,59
9/10/2012,,76,52
9/11/2012,,78,46
9/12/2012,,81,47
9/13/2012,,82,50
9/14/2012,,82,50
9/15/2012,,78,51
9/16/2012,,75,50
9/17/2012,,72,47
9/18/2012,,77,62
9/19/2012,,70,49
9/20/2012,,75,46
9/21/2012,,79,51
9/22/2012,,85,63
9/23/2012,,68,48
9/24/2012,,68,45
9/25/2012,,76,45
9/26/2012,,83,60
9/27/2012,,84,61
9/28/2012,,77,61
9/29/2012,,70,50
9/30/2012,,73,45
10/1/2012,,70,45
10/2/2012,,67,60
10/3/2012,,81,64
10/4/2012,,80,58
10/5/2012,,81,52
10/6/2012,,77,51
10/7/2012,,52,42
10/8/2012,,51,37
10/9/2012,,62,45
10/10/2012,,69,48
10/11/2012,,61,41
10/12/2012,,64,36
10/13/2012,,59,30
10/14/2012,,74,43
10/15/2012,,70,53
10/16/2012,,64,39
10/17/2012,,67,37
10/18/2012,,71,50
10/19/2012,,72,52
10/20/2012,,67,43
10/21/2012,,65,39
10/22/2012,,72,36
10/23/2012,,79,46
10/24/2012,,81,53
10/25/2012,,70,57
10/26/2012,,69,60
10/27/2012,,69,58
10/28/2012,,59,52
10/29/2012,,52,42
10/30/2012,,43,40
10/31/2012,,54,39
11/1/2012,,51,38
11/2/2012,,52,35
11/3/2012,,48,38
11/4/2012,,51,33
11/5/2012,,49,30
11/6/2012,,47,27
11/7/2012,,43,37
11/8/2012,,55,39
11/9/2012,,57,35
11/10/2012,,66,31
11/11/2012,,70,34
11/12/2012,,70,47
11/13/2012,,52,35
11/14/2012,,46,30
11/15/2012,,48,31
11/16/2012,,53,34
11/17/2012,,55,30
11/18/2012,,53,33
11/19/2012,,53,35
11/20/2012,,54,35
11/21/2012,,56,30
11/22/2012,,59,28
11/23/2012,,62,27
11/24/2012,,46,33
11/25/2012,,41,26
11/26/2012,,55,24
11/27/2012,,42,36
11/28/2012,,48,29
11/29/2012,,49,23
11/30/2012,,54,23
12/1/2012,,47,28
12/2/2012,,56,29
12/3/2012,,69,41
12/4/2012,,71,48
12/5/2012,,61,37
12/6/2012,,45,26
12/7/2012,,51,36
12/8/2012,,62,42
12/9/2012,,53,47
12/10/2012,,63,48
12/11/2012,,52,38
12/12/2012,,45,35
12/13/2012,,49,26
12/14/2012,,53,21
12/15/2012,,53,28
12/16/2012,,48,43
12/17/2012,,53,45
12/18/2012,,58,31
12/19/2012,,53,29
12/20/2012,,52,32
12/21/2012,,55,36
12/22/2012,,42,32
12/23/2012,,47,21
12/24/2012,,38,23
12/25/2012,,47,31
12/26/2012,,39,31
12/27/2012,,41,34
12/28/2012,,41,31
12/29/2012,,42,33
12/30/2012,,40,29
12/31/2012,,36,23
1/1/2013,,43,28
1/2/2013,,38,28
1/3/2013,,39,21
1/4/2013,,44,22
1/5/2013,,45,28
1/6/2013,,51,27
1/7/2013,,45,24
1/8/2013,,53,23
1/9/2013,,50,26
1/10/2013,,55,37
1/11/2013,,45,31
1/12/2013,,54,41
1/13/2013,,57,43
1/14/2013,,59,40
1/15/2013,,40,35
1/16/2013,,41,34
1/17/2013,,44,37
1/18/2013,,38,29
1/19/2013,,56,29
1/20/2013,,58,35
1/21/2013,,48,29
1/22/2013,,29,16
1/23/2013,,26,9
1/24/2013,,27,13
1/25/2013,,22,12
1/26/2013,,33,22
1/27/2013,,39,20
1/28/2013,,46,31
1/29/2013,,70,35
1/30/2013,,72,56
1/31/2013,,59,29
2/1/2013,,32,18
2/2/2013,,30,13
2/3/2013,,33,23
2/4/2013,,36,23
2/5/2013,,42,27
2/6/2013,,46,28
2/7/2013,,39,25
2/8/2013,,42,32
2/9/2013,,42,26
2/10/2013,,45,17
2/11/2013,,58,37
2/12/2013,,57,39
2/13/2013,,46,32
2/14/2013,,50,30
2/15/2013,,58,30
2/16/2013,,38,29
2/17/2013,,31,23
2/18/2013,,43,18
2/19/2013,,45,34
2/20/2013,,39,24
2/21/2013,,39,23
2/22/2013,,33,27
2/23/2013,,43,33
2/24/2013,,51,31
2/25/2013,,47,22
2/26/2013,,44,26
2/27/2013,,55,39
2/28/2013,,45,37
3/1/2013,,44,35
3/2/2013,,37,29
3/3/2013,,42,28
3/4/2013,,43,27
3/5/2013,,51,27
3/6/2013,,38,33
3/7/2013,,47,33
3/8/2013,,49,35
3/9/2013,,60,32
3/10/2013,,62,26
3/11/2013,,59,42
3/12/2013,,58,40
3/13/2013,,50,29
3/14/2013,,45,31
3/15/2013,,57,28
3/16/2013,,61,35
3/17/2013,,40,30
3/18/2013,,37,31
3/19/2013,,59,34
3/20/2013,,52,34
3/21/2013,,37,26
3/22/2013,,48,25
3/23/2013,,54,22
3/24/2013,,42,27
3/25/2013,,39,32
3/26/2013,,49,31
3/27/2013,,49,35
3/28/2013,,49,30
3/29/2013,,56,34
3/30/2013,,60,30
3/31/2013,,51,38
4/1/2013,49,64,36
4/2/2013,41,50,31
4/3/2013,39,52,24
4/4/2013,37,49,22
4/5/2013,47,66,37
4/6/2013,48,57,36
4/7/2013,52,71,39
4/8/2013,66,81,50
4/9/2013,73,85,59
4/10/2013,76,89,58
4/11/2013,75,86,55
4/12/2013,63,79,53
4/13/2013,57,70,40
4/14/2013,56,67,39
4/15/2013,59,64,55
4/16/2013,63,76,56
4/17/2013,67,77,55
4/18/2013,66,78,59
4/19/2013,69,78,51
4/20/2013,54,60,45
4/21/2013,47,55,39
4/22/2013,46,56,33
4/23/2013,50,61,45
4/24/2013,57,78,41
4/25/2013,57,64,45
4/26/2013,54,65,40
4/27/2013,56,70,40
4/28/2013,56,63,46
4/29/2013,56,61,53
4/30/2013,56,60,54
5/1/2013,60,70,46
5/2/2013,55,69,38
5/3/2013,56,68,42
5/4/2013,55,68,45
5/5/2013,53,63,44
5/6/2013,54,62,45
5/7/2013,60,65,57
5/8/2013,60,68,53
5/9/2013,60,76,52
5/10/2013,67,84,51
5/11/2013,67,77,63
5/12/2013,61,64,41
5/13/2013,51,61,37
5/14/2013,49,65,32
5/15/2013,64,85,52
5/16/2013,75,82,63
5/17/2013,72,83,58
5/18/2013,65,68,59
5/19/2013,63,74,59
5/20/2013,71,81,66
5/21/2013,74,84,67
5/22/2013,77,87,66
5/23/2013,73,81,63
5/24/2013,60,63,46
5/25/2013,53,66,43
5/26/2013,59,73,46
5/27/2013,59,69,42
5/28/2013,65,83,54
5/29/2013,75,89,65
5/30/2013,79,90,68
5/31/2013,77,89,64
6/1/2013,79,90,67
6/2/2013,78,84,68
6/3/2013,72,81,66
6/4/2013,68,75,55
6/5/2013,65,78,51
6/6/2013,67,71,62
6/7/2013,67,70,65
6/8/2013,70,80,63
6/9/2013,72,80,62
6/10/2013,73,81,68
6/11/2013,73,84,66
6/12/2013,78,89,65
6/13/2013,76,86,67
6/14/2013,70,79,61
6/15/2013,71,82,57
6/16/2013,72,84,62
6/17/2013,77,87,66
6/18/2013,72,74,65
6/19/2013,69,77,63
6/20/2013,70,79,60
6/21/2013,71,83,57
6/22/2013,74,86,63
6/23/2013,76,86,68
6/24/2013,78,90,69
6/25/2013,79,92,67
6/26/2013,78,90,67
6/27/2013,73,80,67
6/28/2013,76,88,68
6/29/2013,76,87,63
6/30/2013,77,86,68
7/1/2013,76,83,71
7/2/2013,77,83,73
7/3/2013,76,86,71
7/4/2013,79,89,74
7/5/2013,81,88,73
7/6/2013,82,92,73
7/7/2013,80,90,70
7/8/2013,76,87,70
7/9/2013,78,86,70
7/10/2013,80,89,74
7/11/2013,77,87,69
7/12/2013,71,75,67
7/13/2013,74,84,69
7/14/2013,79,89,73
7/15/2013,82,93,70
7/16/2013,84,94,74
7/17/2013,85,94,74
7/18/2013,85,96,73
7/19/2013,86,95,77
7/20/2013,83,92,75
7/21/2013,81,90,71
7/22/2013,78,89,71
7/23/2013,79,86,72
7/24/2013,77,84,69
7/25/2013,72,79,62
7/26/2013,72,83,58
7/27/2013,72,84,65
7/28/2013,74,84,66
7/29/2013,72,81,62
7/30/2013,72,82,60
7/31/2013,71,79,63
8/1/2013,74,85,68
8/2/2013,75,86,64
8/3/2013,72,80,65
8/4/2013,72,82,60
8/5/2013,70,81,55
8/6/2013,70,74,67
8/7/2013,74,85,69
8/8/2013,78,86,73
8/9/2013,81,89,75
8/10/2013,79,85,69
8/11/2013,76,84,69
8/12/2013,78,89,68
8/13/2013,78,86,69
8/14/2013,69,75,56
8/15/2013,66,78,53
8/16/2013,66,78,53
8/17/2013,67,80,55
8/18/2013,69,72,61
8/19/2013,67,75,59
8/20/2013,74,88,61
8/21/2013,77,89,66
8/22/2013,77,88,68
8/23/2013,73,76,60
8/24/2013,70,83,59
8/25/2013,70,82,57
8/26/2013,73,87,62
8/27/2013,78,90,70
8/28/2013,76,79,72
8/29/2013,76,86,71
8/30/2013,76,87,67
8/31/2013,79,90,70
9/1/2013,79,92,67
9/2/2013,79,91,69
9/3/2013,79,86,67
9/4/2013,71,83,56
9/5/2013,71,85,57
9/6/2013,67,77,55
9/7/2013,65,82,49
9/8/2013,74,90,63
9/9/2013,71,80,63
9/10/2013,78,93,70
9/11/2013,83,94,71
9/12/2013,79,93,69
9/13/2013,72,80,57
9/14/2013,61,71,47
9/15/2013,59,77,42
9/16/2013,66,73,54
9/17/2013,60,70,45
9/18/2013,56,71,40
9/19/2013,62,79,46
9/20/2013,66,80,52
9/21/2013,67,74,61
9/22/2013,64,74,55
9/23/2013,59,67,46
9/24/2013,57,74,41
9/25/2013,58,77,44
9/26/2013,62,78,51
9/27/2013,61,71,49
9/28/2013,61,69,52
9/29/2013,59,74,45
9/30/2013,61,76,45
10/1/2013,67,83,53
10/2/2013,69,86,53
10/3/2013,69,83,55
10/4/2013,72,90,57
10/5/2013,74,90,62
10/6/2013,76,89,63
10/7/2013,70,74,53
10/8/2013,58,69,46
10/9/2013,56,61,51
10/10/2013,54,57,52
10/11/2013,58,62,56
10/12/2013,63,67,60
10/13/2013,60,62,56
10/14/2013,60,71,52
10/15/2013,58,72,48
10/16/2013,64,71,60
10/17/2013,66,76,59
10/18/2013,60,66,45
10/19/2013,53,65,43
10/20/2013,54,63,42
10/21/2013,51,67,36
10/22/2013,55,65,46
10/23/2013,51,58,42
10/24/2013,45,52,34
10/25/2013,42,54,29
10/26/2013,41,56,29
10/27/2013,50,61,35
10/28/2013,46,65,34
10/29/2013,49,64,38
10/30/2013,54,66,45
10/31/2013,60,70,53
11/1/2013,69,77,55
11/2/2013,58,69,47
11/3/2013,51,57,40
11/4/2013,41,46,31
11/5/2013,42,56,34
11/6/2013,55,69,47
11/7/2013,56,59,41
11/8/2013,44,52,28
11/9/2013,39,55,25
11/10/2013,49,63,38
11/11/2013,47,59,32
11/12/2013,45,52,30
11/13/2013,34,44,25
11/14/2013,36,58,21
11/15/2013,40,62,25
11/16/2013,48,52,39
11/17/2013,55,62,51
11/18/2013,61,68,47
11/19/2013,47,48,37
11/20/2013,38,48,24
11/21/2013,37,48,27
11/22/2013,52,63,44
11/23/2013,49,57,31
11/24/2013,30,32,21
11/25/2013,26,37,16
11/26/2013,34,37,33
11/27/2013,38,40,29
11/28/2013,31,38,25
11/29/2013,32,42,23
11/30/2013,29,37,20
12/1/2013,31,47,19
12/2/2013,42,49,38
12/3/2013,43,57,32
12/4/2013,43,56,32
12/5/2013,58,69,54
12/6/2013,55,65,38
12/7/2013,39,42,31
12/8/2013,29,31,26
12/9/2013,31,34,30
12/10/2013,33,37,25
12/11/2013,28,39,17
12/12/2013,26,32,17
12/13/2013,27,41,17
12/14/2013,33,37,29
12/15/2013,37,47,29
12/16/2013,33,38,29
12/17/2013,35,39,32
12/18/2013,35,42,25
12/19/2013,37,60,23
12/20/2013,49,58,42
12/21/2013,59,70,51
12/22/2013,66,71,62
12/23/2013,59,63,38
12/24/2013,36,40,22
12/25/2013,25,32,19
12/26/2013,30,46,21
12/27/2013,33,50,21
12/28/2013,39,57,27
12/29/2013,45,49,37
12/30/2013,41,45,33
12/31/2013,35,45,26
1/1/2014,33,46,23
1/2/2014,33,37,28
1/3/2014,23,29,9
1/4/2014,18,32,8
1/5/2014,29,37,24
1/6/2014,37,44,11
1/7/2014,12,18,1
1/8/2014,15,26,5
1/9/2014,28,37,24
1/10/2014,32,35,29
1/11/2014,38,51,34
1/12/2014,45,50,28
1/13/2014,37,56,24
1/14/2014,47,50,36
1/15/2014,39,49,34
1/16/2014,34,37,26
1/17/2014,34,47,27
1/18/2014,30,36,20
1/19/2014,28,47,18
1/20/2014,40,54,27
1/21/2014,31,37,14
1/22/2014,11,15,4
1/23/2014,12,23,-2
1/24/2014,13,21,5
1/25/2014,22,31,18
1/26/2014,24,32,9
1/27/2014,31,46,18
1/28/2014,15,18,8
1/29/2014,14,23,6
1/30/2014,17,31,4
1/31/2014,31,48,23
2/1/2014,33,49,22
2/2/2014,41,61,26
2/3/2014,40,45,29
2/4/2014,30,34,25
2/5/2014,31,41,29
2/6/2014,31,35,26
2/7/2014,30,40,19
2/8/2014,29,31,21
2/9/2014,28,32,21
2/10/2014,28,31,20
2/11/2014,23,29,14
2/12/2014,20,26,14
2/13/2014,26,35,20
2/14/2014,36,50,22
2/15/2014,34,36,26
2/16/2014,28,35,24
2/17/2014,27,34,19
2/18/2014,34,53,25
2/19/2014,42,57,29
2/20/2014,42,52,28
2/21/2014,46,57,29
2/22/2014,42,62,26
2/23/2014,47,57,38
2/24/2014,40,42,24
2/25/2014,29,37,22
2/26/2014,29,34,20
2/27/2014,25,38,14
2/28/2014,19,28,10
3/1/2014,26,42,12
3/2/2014,39,52,31
3/3/2014,25,35,1
3/4/2014,12,29,-1
3/5/2014,23,41,9
3/6/2014,29,33,21
3/7/2014,32,40,28
3/8/2014,41,62,24
3/9/2014,45,49,33
3/10/2014,43,59,32
3/11/2014,52,65,39
3/12/2014,49,65,29
3/13/2014,29,33,18
3/14/2014,36,57,22
3/15/2014,53,64,43
3/16/2014,42,46,26
3/17/2014,26,30,23
3/18/2014,32,41,27
3/19/2014,37,40,34
3/20/2014,45,56,33
3/21/2014,44,55,34
3/22/2014,48,69,34
3/23/2014,44,47,29
3/24/2014,30,39,19
3/25/2014,29,33,24
3/26/2014,29,33,19
3/27/2014,30,50,15
3/28/2014,51,64,46
3/29/2014,54,57,47
3/30/2014,43,47,32
3/31/2014,48,65,39
4/1/2014,50,66,32
4/2/2014,53,69,37
4/3/2014,56,65,49
4/4/2014,53,58,48
4/5/2014,51,56,41
4/6/2014,45,60,28
4/7/2014,44,45,40
4/8/2014,52,62,38
4/9/2014,50,65,35
4/10/2014,52,70,31
4/11/2014,66,80,56
4/12/2014,61,74,44
4/13/2014,67,83,52
4/14/2014,70,76,63
4/15/2014,60,67,33
4/16/2014,37,48,30
4/17/2014,41,54,28
4/18/2014,43,56,30
4/19/2014,51,67,38
4/20/2014,53,62,41
4/21/2014,51,70,31
4/22/2014,58,71,46
4/23/2014,54,58,44
4/24/2014,50,63,36
4/25/2014,52,69,38
4/26/2014,58,73,42
4/27/2014,57,65,43
4/28/2014,53,61,42
4/29/2014,47,49,45
4/30/2014,50,58,48
5/1/2014,62,76,55
5/2/2014,60,67,47
5/3/2014,61,71,49
5/4/2014,62,79,47
5/5/2014,55,63,40
5/6/2014,57,72,49
5/7/2014,56,63,46
5/8/2014,66,87,55
5/9/2014,69,78,61
5/10/2014,69,77,62
5/11/2014,68,80,59
5/12/2014,71,85,55
5/13/2014,74,90,62
5/14/2014,63,65,58
5/15/2014,68,78,64
5/16/2014,63,69,53
5/17/2014,58,65,45
5/18/2014,57,65,43
5/19/2014,56,70,39
5/20/2014,60,77,44
5/21/2014,67,77,55
5/22/2014,71,85,61
5/23/2014,68,77,56
5/24/2014,63,75,52
5/25/2014,67,80,50
5/26/2014,69,85,53
5/27/2014,74,87,61
5/28/2014,72,85,59
5/29/2014,59,59,55
5/30/2014,60,72,56
5/31/2014,65,78,52
6/1/2014,64,75,50
6/2/2014,66,79,54
6/3/2014,73,84,63
6/4/2014,75,86,63
6/5/2014,68,78,60
6/6/2014,67,77,54
6/7/2014,67,81,52
6/8/2014,71,82,58
6/9/2014,73,83,65
6/10/2014,76,85,69
6/11/2014,76,84,68
6/12/2014,71,77,68
6/13/2014,73,80,65
6/14/2014,68,74,61
6/15/2014,67,81,51
6/16/2014,74,90,60
6/17/2014,79,91,66
6/18/2014,82,91,71
6/19/2014,79,83,71
6/20/2014,73,82,65
6/21/2014,69,71,64
6/22/2014,70,79,64
6/23/2014,71,81,59
6/24/2014,73,83,63
6/25/2014,78,88,69
6/26/2014,78,86,68
6/27/2014,75,85,65
6/28/2014,73,83,61
6/29/2014,74,83,63
6/30/2014,76,87,66
7/1/2014,80,91,72
7/2/2014,83,95,71
7/3/2014,75,88,69
7/4/2014,72,79,60
7/5/2014,69,80,54
7/6/2014,71,85,57
7/7/2014,78,89,69
7/8/2014,80,92,67
7/9/2014,73,87,67
7/10/2014,74,86,66
7/11/2014,73,85,63
7/12/2014,76,87,66
7/13/2014,79,89,72
7/14/2014,78,90,71
7/15/2014,76,87,68
7/16/2014,71,79,62
7/17/2014,69,80,55
7/18/2014,70,83,58
7/19/2014,72,80,66
7/20/2014,72,80,65
7/21/2014,74,82,69
7/22/2014,76,84,70
7/23/2014,80,93,71
7/24/2014,74,78,61
7/25/2014,69,82,56
7/26/2014,75,87,66
7/27/2014,76,84,68
7/28/2014,75,81,65
7/29/2014,67,74,52
7/30/2014,63,79,48
7/31/2014,71,85,55
8/1/2014,73,77,64
8/2/2014,70,79,63
8/3/2014,73,83,66
8/4/2014,74,85,62
8/5/2014,74,87,61
8/6/2014,74,84,64
8/7/2014,74,84,62
8/8/2014,70,81,59
8/9/2014,72,82,61
8/10/2014,74,84,61
8/11/2014,71,82,58
8/12/2014,70,77,67
8/13/2014,74,82,63
8/14/2014,69,82,53
8/15/2014,67,79,53
8/16/2014,69,81,56
8/17/2014,74,87,65
8/18/2014,74,82,64
8/19/2014,74,82,68
8/20/2014,74,84,65
8/21/2014,71,85,62
8/22/2014,73,81,67
8/23/2014,70,71,66
8/24/2014,69,76,60
8/25/2014,68,81,58
8/26/2014,70,85,57
8/27/2014,73,87,59
8/28/2014,76,82,59
8/29/2014,68,79,53
8/30/2014,71,80,66
8/31/2014,78,90,71
9/1/2014,77,89,71
9/2/2014,79,90,71
9/3/2014,76,85,69
9/4/2014,75,86,65
9/5/2014,78,89,68
9/6/2014,80,91,71
9/7/2014,71,78,65
9/8/2014,67,72,61
9/9/2014,68,74,64
9/10/2014,71,77,67
9/11/2014,75,86,67
9/12/2014,69,74,60
9/13/2014,63,69,55
9/14/2014,58,68,45
9/15/2014,60,73,48
9/16/2014,66,76,52
9/17/2014,61,74,48
9/18/2014,64,77,53
9/19/2014,62,73,52
9/20/2014,67,79,55
9/21/2014,67,84,52
9/22/2014,67,72,54
9/23/2014,58,70,42
9/24/2014,56,68,47
9/25/2014,61,67,57
9/26/2014,65,76,52
9/27/2014,64,80,51
9/28/2014,63,80,49
9/29/2014,64,70,57
9/30/2014,65,73,61
10/1/2014,65,72,58
10/2/2014,64,74,54
10/3/2014,64,69,60
10/4/2014,64,67,37
10/5/2014,47,61,33
10/6/2014,54,73,40
10/7/2014,62,69,57
10/8/2014,63,76,49
10/9/2014,59,70,45
10/10/2014,59,61,52
10/11/2014,54,58,50
10/12/2014,53,59,46
10/13/2014,58,65,55
10/14/2014,69,79,63
10/15/2014,69,71,57
10/16/2014,59,65,53
10/17/2014,60,71,48
10/18/2014,59,69,50
10/19/2014,52,58,38
10/20/2014,49,66,35
10/21/2014,56,68,43
10/22/2014,52,55,50
10/23/2014,55,64,49
10/24/2014,58,67,45
10/25/2014,56,72,38
10/26/2014,59,68,40
10/27/2014,52,71,33
10/28/2014,63,82,53
10/29/2014,62,67,41
10/30/2014,47,59,35
10/31/2014,44,54,34
11/1/2014,47,50,43
11/2/2014,44,49,40
11/3/2014,47,61,35
11/4/2014,50,70,33
11/5/2014,58,64,49
11/6/2014,55,62,48
11/7/2014,50,54,34
11/8/2014,39,50,26
11/9/2014,46,57,32
11/10/2014,44,62,29
11/11/2014,50,70,31
11/12/2014,54,62,39
11/13/2014,41,44,36
11/14/2014,35,40,26
11/15/2014,32,43,25
11/16/2014,34,43,27
11/17/2014,41,47,35
11/18/2014,30,36,18
11/19/2014,24,35,13
11/20/2014,37,52,28
11/21/2014,31,35,18
11/22/2014,29,49,14
11/23/2014,43,54,34
11/24/2014,60,70,54
11/25/2014,55,59,41
11/26/2014,38,45,32
11/27/2014,36,44,32
11/28/2014,33,37,23
11/29/2014,33,45,26
11/30/2014,46,64,36
12/1/2014,57,70,41
12/2/2014,38,41,34
12/3/2014,40,49,36
12/4/2014,39,43,28
12/5/2014,38,40,37
12/6/2014,42,48,40
12/7/2014,40,44,32
12/8/2014,33,35,29
12/9/2014,34,42,29
12/10/2014,41,45,35
12/11/2014,36,39,32
12/12/2014,38,42,27
12/13/2014,35,48,23
12/14/2014,44,52,34
12/15/2014,46,58,33
12/16/2014,39,44,28
12/17/2014,42,52,33
12/18/2014,35,38,31
12/19/2014,34,38,29
12/20/2014,29,35,20
12/21/2014,33,40,25
12/22/2014,30,34,23
12/23/2014,36,42,33
12/24/2014,44,55,42
12/25/2014,50,55,38
12/26/2014,39,50,26
12/27/2014,38,59,27
12/28/2014,47,57,40
12/29/2014,42,43,37
12/30/2014,36,40,21
12/31/2014,27,36,18
1/1/2015,28,42,18
1/2/2015,32,44,23
1/3/2015,33,38,24
1/4/2015,46,60,38
1/5/2015,40,46,24
1/6/2015,24,28,12
1/7/2015,18,22,9
1/8/2015,11,21,3
1/9/2015,26,36,21
1/10/2015,20,25,8
1/11/2015,19,39,7
1/12/2015,34,38,32
1/13/2015,33,38,22
1/14/2015,24,28,21
1/15/2015,30,36,22
1/16/2015,29,42,19
1/17/2015,30,37,20
1/18/2015,35,43,30
1/19/2015,39,46,25
1/20/2015,32,46,21
1/21/2015,30,33,25
1/22/2015,35,44,30
1/23/2015,33,40,23
1/24/2015,35,42,32
1/25/2015,39,47,33
1/26/2015,37,43,26
1/27/2015,28,32,26
1/28/2015,27,35,18
1/29/2015,24,36,14
1/30/2015,35,39,19
1/31/2015,23,34,16
2/1/2015,28,41,18
2/2/2015,37,47,23
2/3/2015,26,36,21
2/4/2015,34,54,21
2/5/2015,35,41,17
2/6/2015,21,36,9
2/7/2015,31,47,17
2/8/2015,38,60,27
2/9/2015,38,39,32
2/10/2015,33,38,29
2/11/2015,33,45,25
2/12/2015,35,40,17
2/13/2015,19,27,11
2/14/2015,26,42,13
2/15/2015,14,18,6
2/16/2015,10,16,6
2/17/2015,17,28,7
2/18/2015,17,33,2
2/19/2015,14,15,6
2/20/2015,9,19,0
2/21/2015,16,33,9
2/22/2015,36,46,32
2/23/2015,31,38,11
2/24/2015,15,27,-4
2/25/2015,23,38,6
2/26/2015,32,34,28
2/27/2015,28,31,20
2/28/2015,22,30,12
3/1/2015,24,31,19
3/2/2015,35,41,27
3/3/2015,30,37,25
3/4/2015,39,46,36
3/5/2015,33,41,18
3/6/2015,18,27,6
3/7/2015,20,47,2
3/8/2015,41,55,25
3/9/2015,42,61,30
3/10/2015,39,45,30
3/11/2015,49,62,41
3/12/2015,48,56,31
3/13/2015,40,51,26
3/14/2015,47,57,41
3/15/2015,49,55,35
3/16/2015,45,69,29
3/17/2015,55,69,36
3/18/2015,39,49,25
3/19/2015,40,51,30
3/20/2015,37,43,33
3/21/2015,41,61,29
3/22/2015,48,54,39
3/23/2015,40,47,32
3/24/2015,40,47,29
3/25/2015,37,51,25
3/26/2015,57,74,45
3/27/2015,47,49,37
3/28/2015,34,37,27
3/29/2015,32,46,21
3/30/2015,48,62,41
3/31/2015,52,68,34
4/1/2015,46,58,31
4/2/2015,51,72,33
4/3/2015,64,70,59
4/4/2015,57,64,34
4/5/2015,48,65,34
4/6/2015,58,76,40
4/7/2015,65,73,55
4/8/2015,51,58,43
4/9/2015,45,48,42
4/10/2015,49,67,43
4/11/2015,59,64,39
4/12/2015,52,69,32
4/13/2015,62,78,44
4/14/2015,61,66,51
4/15/2015,55,65,43
4/16/2015,56,71,43
4/17/2015,64,79,54
4/18/2015,66,80,50
4/19/2015,62,67,51
4/20/2015,63,78,53
4/21/2015,61,67,45
4/22/2015,53,70,43
4/23/2015,49,55,35
4/24/2015,48,60,38
4/25/2015,45,50,35
4/26/2015,49,63,40
4/27/2015,50,58,36
4/28/2015,55,69,44
4/29/2015,59,74,40
4/30/2015,59,72,46
5/1/2015,56,64,50
5/2/2015,60,75,49
5/3/2015,63,80,43
5/4/2015,68,84,52
5/5/2015,71,85,58
5/6/2015,69,83,56
5/7/2015,68,80,57
5/8/2015,70,83,55
5/9/2015,69,79,58
5/10/2015,72,82,64
5/11/2015,74,83,64
5/12/2015,76,87,66
5/13/2015,64,68,51
5/14/2015,57,70,46
5/15/2015,62,77,52
5/16/2015,72,87,63
5/17/2015,72,83,61
5/18/2015,77,89,68
5/19/2015,76,87,66
5/20/2015,67,71,57
5/21/2015,56,58,50
5/22/2015,60,75,46
5/23/2015,61,73,42
5/24/2015,65,81,48
5/25/2015,73,83,61
5/26/2015,74,87,62
5/27/2015,76,86,67
5/28/2015,76,89,66
5/29/2015,75,84,68
5/30/2015,76,89,68
5/31/2015,78,87,69
6/1/2015,78,88,69
6/2/2015,65,70,57
6/3/2015,58,60,56
6/4/2015,58,61,55
6/5/2015,62,74,56
6/6/2015,69,79,58
6/7/2015,69,77,60
6/8/2015,72,87,62
6/9/2015,74,84,66
6/10/2015,72,82,57
6/11/2015,78,92,66
6/12/2015,81,91,71
6/13/2015,78,89,69
6/14/2015,80,90,70
6/15/2015,79,90,73
6/16/2015,80,91,70
6/17/2015,74,79,66
6/18/2015,74,88,67
6/19/2015,76,84,68
6/20/2015,76,87,70
6/21/2015,79,91,71
6/22/2015,81,89,68
6/23/2015,82,93,71
6/24/2015,74,83,64
6/25/2015,73,83,60
6/26/2015,72,80,65
6/27/2015,69,74,65
6/28/2015,69,77,61
6/29/2015,69,81,54
6/30/2015,74,85,62
7/1/2015,75,85,65
7/2/2015,72,74,62
7/3/2015,69,79,59
7/4/2015,72,81,68
7/5/2015,72,81,65
7/6/2015,76,84,72
7/7/2015,77,87,70
7/8/2015,78,88,73
7/9/2015,78,87,72
7/10/2015,78,84,72
7/11/2015,77,84,64
7/12/2015,73,86,61
7/13/2015,72,78,68
7/14/2015,76,87,70
7/15/2015,76,85,66
7/16/2015,71,81,59
7/17/2015,71,81,61
7/18/2015,77,87,72
7/19/2015,82,94,69
7/20/2015,83,92,75
7/21/2015,80,87,73
7/22/2015,77,85,65
7/23/2015,74,83,60
7/24/2015,73,85,58
7/25/2015,75,88,62
7/26/2015,78,88,68
7/27/2015,78,86,70
7/28/2015,79,90,69
7/29/2015,77,87,70
7/30/2015,80,89,69
7/31/2015,77,87,63
8/1/2015,77,88,66
8/2/2015,75,87,61
8/3/2015,76,89,65
8/4/2015,80,91,67
8/5/2015,77,88,65
8/6/2015,73,79,63
8/7/2015,71,78,67
8/8/2015,75,83,68
8/9/2015,75,85,68
8/10/2015,73,75,69
8/11/2015,78,89,72
8/12/2015,76,84,65
8/13/2015,72,82,57
8/14/2015,70,86,53
8/15/2015,74,89,59
8/16/2015,77,93,62
8/17/2015,80,94,67
8/18/2015,78,85,67
8/19/2015,78,88,73
8/20/2015,77,85,69
8/21/2015,74,83,63
8/22/2015,71,84,57
8/23/2015,70,84,55
8/24/2015,76,90,64
8/25/2015,74,83,63
8/26/2015,72,79,61
8/27/2015,69,80,56
8/28/2015,70,84,58
8/29/2015,74,87,64
8/30/2015,75,87,64
8/31/2015,78,87,70
9/1/2015,79,93,65
9/2/2015,80,93,69
9/3/2015,79,94,65
9/4/2015,79,91,71
9/5/2015,76,86,70
9/6/2015,74,86,61
9/7/2015,74,90,59
9/8/2015,80,93,65
9/9/2015,81,92,72
9/10/2015,75,79,68
9/11/2015,72,84,59
9/12/2015,65,73,56
9/13/2015,66,73,52
9/14/2015,63,79,48
9/15/2015,66,83,48
9/16/2015,67,86,50
9/17/2015,70,87,53
9/18/2015,71,85,55
9/19/2015,73,87,59
9/20/2015,72,80,63
9/21/2015,65,66,59
9/22/2015,63,76,57
9/23/2015,66,79,56
9/24/2015,65,79,52
9/25/2015,65,71,57
9/26/2015,66,73,60
9/27/2015,64,72,59
9/28/2015,70,80,65
9/29/2015,73,79,69
9/30/2015,72,73,58
10/1/2015,58,58,54
10/2/2015,53,55,48
10/3/2015,51,56,48
10/4/2015,55,59,52
10/5/2015,57,68,48
10/6/2015,58,75,45
10/7/2015,63,77,52
10/8/2015,63,76,51
10/9/2015,67,82,60
10/10/2015,62,66,42
10/11/2015,53,71,38
10/12/2015,57,75,40
10/13/2015,65,79,55
10/14/2015,62,69,46
10/15/2015,56,67,46
10/16/2015,55,66,42
10/17/2015,49,58,33
10/18/2015,42,52,31
10/19/2015,42,57,27
10/20/2015,51,69,40
10/21/2015,56,77,39
10/22/2015,59,80,40
10/23/2015,62,69,40
10/24/2015,51,62,39
10/25/2015,59,69,52
10/26/2015,52,60,37
10/27/2015,45,57,36
10/28/2015,61,70,54
10/29/2015,65,69,49
10/30/2015,52,58,38
10/31/2015,47,60,34
11/1/2015,56,66,51
11/2/2015,55,64,43
11/3/2015,52,74,36
11/4/2015,55,75,39
11/5/2015,63,76,58
11/6/2015,68,80,63
11/7/2015,62,67,52
11/8/2015,52,57,35
11/9/2015,41,51,30
11/10/2015,50,55,46
11/11/2015,55,62,45
11/12/2015,51,64,43
11/13/2015,56,60,47
11/14/2015,48,53,33
11/15/2015,45,66,30
11/16/2015,49,68,32
11/17/2015,48,61,37
11/18/2015,54,66,47
11/19/2015,62,65,53
11/20/2015,53,57,30
11/21/2015,39,55,26
11/22/2015,45,47,34
11/23/2015,35,42,27
11/24/2015,39,54,30
11/25/2015,40,57,28
11/26/2015,46,63,32
11/27/2015,50,68,35
11/28/2015,55,65,45
11/29/2015,50,55,42
11/30/2015,40,42,36
12/1/2015,41,47,39
12/2/2015,50,57,47
12/3/2015,46,49,38
12/4/2015,41,50,30
12/5/2015,37,53,26
12/6/2015,36,54,23
12/7/2015,41,59,27
12/8/2015,42,53,29
12/9/2015,38,46,29
12/10/2015,46,63,35
12/11/2015,49,63,35
12/12/2015,51,71,39
12/13/2015,57,73,45
12/14/2015,62,69,57
12/15/2015,60,66,41
12/16/2015,47,56,34
12/17/2015,48,52,42
12/18/2015,44,49,31
12/19/2015,35,44,26
12/20/2015,35,46,24
12/21/2015,43,56,37
12/22/2015,54,60,49
12/23/2015,59,64,56
12/24/2015,66,71,63
12/25/2015,65,70,58
12/26/2015,57,60,51
12/27/2015,57,69,51
12/28/2015,49,56,39
12/29/2015,43,51,40
12/30/2015,48,54,45
12/31/2015,51,57,43
1/1/2016,42,43,30
1/2/2016,36,49,27
1/3/2016,36,54,23
1/4/2016,34,37,20
1/5/2016,22,32,13
1/6/2016,22,40,9
1/7/2016,31,41,23
1/8/2016,39,42,36
1/9/2016,43,50,40
1/10/2016,52,59,34
1/11/2016,33,39,23
1/12/2016,32,45,23
1/13/2016,26,30,18
1/14/2016,32,52,19
1/15/2016,40,49,27
1/16/2016,42,52,36
1/17/2016,36,37,30
1/18/2016,24,32,14
1/19/2016,17,26,13
1/20/2016,21,29,15
1/21/2016,26,32,20
1/22/2016,22,28,14
1/23/2016,23,29,21
1/24/2016,26,35,9
1/25/2016,19,42,4
1/26/2016,36,51,22
1/27/2016,40,45,20
1/28/2016,26,42,11
1/29/2016,33,39,23
1/30/2016,30,47,13
1/31/2016,44,60,34
2/1/2016,48,56,41
2/2/2016,41,49,30
2/3/2016,44,54,40
2/4/2016,49,54,40
2/5/2016,39,42,26
2/6/2016,32,44,22
2/7/2016,33,45,22
2/8/2016,37,47,25
2/9/2016,36,39,30
2/10/2016,31,36,23
2/11/2016,23,27,18
2/12/2016,22,30,13
2/13/2016,22,26,13
2/14/2016,16,24,7
2/15/2016,22,30,19
2/16/2016,35,48,30
2/17/2016,37,47,26
2/18/2016,35,39,23
2/19/2016,28,43,18
2/20/2016,49,67,42
2/21/2016,51,56,44
2/22/2016,46,53,37
2/23/2016,40,43,38
2/24/2016,40,58,38
2/25/2016,48,53,38
2/26/2016,36,38,28
2/27/2016,34,47,24
2/28/2016,43,66,29
2/29/2016,56,62,35
3/1/2016,47,66,30
3/2/2016,47,61,25
3/3/2016,32,41,22
3/4/2016,34,40,32
3/5/2016,39,45,35
3/6/2016,40,51,29
3/7/2016,45,66,29
3/8/2016,59,78,40
3/9/2016,62,82,39
3/10/2016,68,80,59
3/11/2016,67,72,47
3/12/2016,53,63,40
3/13/2016,55,61,48
3/14/2016,49,53,47
3/15/2016,51,63,45
3/16/2016,56,75,42
3/17/2016,58,67,39
3/18/2016,53,65,36
3/19/2016,44,51,35
3/20/2016,38,44,36
3/21/2016,42,52,30
3/22/2016,42,62,26
3/23/2016,61,74,49
3/24/2016,62,77,42
3/25/2016,67,71,47
3/26/2016,49,61,37
3/27/2016,52,56,43
3/28/2016,54,68,48
3/29/2016,52,59,37
3/30/2016,47,65,27
3/31/2016,61,72,53
4/1/2016,71,82,64
4/2/2016,60,65,42
4/3/2016,44,53,34
4/4/2016,53,72,38
4/5/2016,40,45,27
4/6/2016,39,57,24
4/7/2016,54,62,44
4/8/2016,46,51,34
4/9/2016,40,46,32
4/10/2016,37,53,25
4/11/2016,55,74,45
4/12/2016,62,67,46
4/13/2016,49,59,34
4/14/2016,48,64,31
4/15/2016,51,64,34
4/16/2016,54,71,34
4/17/2016,57,74,38
4/18/2016,63,83,42
4/19/2016,65,82,47
4/20/2016,60,71,40
4/21/2016,60,75,48
4/22/2016,67,71,62
4/23/2016,63,70,53
4/24/2016,57,69,44
4/25/2016,62,80,47
4/26/2016,72,84,62
4/27/2016,62,69,53
4/28/2016,53,54,47
4/29/2016,49,55,46
4/30/2016,53,56,51
5/1/2016,54,59,51
5/2/2016,61,80,54
5/3/2016,65,71,57
5/4/2016,57,62,53
5/5/2016,53,57,50
5/6/2016,53,54,50
5/7/2016,55,65,49
5/8/2016,61,71,45
5/9/2016,54,63,42
5/10/2016,58,63,54
5/11/2016,56,60,54
5/12/2016,60,67,57
5/13/2016,66,77,56
5/14/2016,61,75,46
5/15/2016,52,59,37
5/16/2016,51,66,36
5/17/2016,54,56,50
5/18/2016,56,65,52
5/19/2016,60,72,50
5/20/2016,61,77,45
5/21/2016,58,62,53
5/22/2016,54,57,52
5/23/2016,60,75,54
5/24/2016,66,82,52
5/25/2016,70,86,52
5/26/2016,73,89,56
5/27/2016,79,89,67
5/28/2016,79,89,69
5/29/2016,75,84,64
5/30/2016,73,83,63
5/31/2016,76,88,67
6/1/2016,76,87,63
6/2/2016,72,82,62
6/3/2016,75,86,70
6/4/2016,74,82,70
6/5/2016,74,84,68
6/6/2016,75,85,63
6/7/2016,76,85,63
6/8/2016,66,71,55
6/9/2016,65,80,47
6/10/2016,71,81,56
6/11/2016,77,95,59
6/12/2016,83,91,68
6/13/2016,71,80,60
6/14/2016,73,80,61
6/15/2016,71,81,64
6/16/2016,76,85,68
6/17/2016,71,80,63
6/18/2016,72,84,59
6/19/2016,73,87,57
6/20/2016,75,89,57
6/21/2016,77,87,68
6/22/2016,74,84,65
6/23/2016,72,79,67
6/24/2016,75,85,65
6/25/2016,75,83,64
6/26/2016,74,85,60
6/27/2016,74,86,64
6/28/2016,79,89,66
6/29/2016,73,81,60
6/30/2016,71,83,56
7/1/2016,75,88,63
7/2/2016,74,80,67
7/3/2016,69,73,63
7/4/2016,68,72,66
7/5/2016,78,90,71
7/6/2016,82,91,72
7/7/2016,82,90,72
7/8/2016,81,89,70
7/9/2016,81,91,72
7/10/2016,78,85,66
7/11/2016,76,87,62
7/12/2016,76,86,65
7/13/2016,81,92,74
7/14/2016,83,95,71
7/15/2016,81,91,70
7/16/2016,79,92,67
7/17/2016,76,90,65
7/18/2016,81,95,70
7/19/2016,79,91,70
7/20/2016,78,86,67
7/21/2016,76,90,60
7/22/2016,81,94,67
7/23/2016,85,98,71
7/24/2016,84,97,71
7/25/2016,87,100,74
7/26/2016,85,95,76
7/27/2016,85,94,75
7/28/2016,81,92,74
7/29/2016,78,90,72
7/30/2016,79,88,71
7/31/2016,77,90,72
8/1/2016,80,90,72
8/2/2016,79,88,70
8/3/2016,76,82,69
8/4/2016,74,84,64
8/5/2016,75,80,68
8/6/2016,79,91,74
8/7/2016,78,89,64
8/8/2016,74,88,62
8/9/2016,70,78,61
8/10/2016,81,93,75
8/11/2016,85,95,75
8/12/2016,85,96,77
8/13/2016,87,99,78
8/14/2016,87,97,76
8/15/2016,82,96,70
8/16/2016,79,96,72
8/17/2016,84,94,70
8/18/2016,79,90,72
8/19/2016,79,89,67
8/20/2016,77,90,65
8/21/2016,78,90,69
8/22/2016,75,85,63
8/23/2016,72,85,61
8/24/2016,74,87,62
8/25/2016,78,91,67
8/26/2016,84,95,73
8/27/2016,83,92,69
8/28/2016,78,91,65
8/29/2016,79,94,66
8/30/2016,80,91,67
8/31/2016,78,92,64
9/1/2016,76,84,68
9/2/2016,71,80,63
9/3/2016,71,80,63
9/4/2016,72,82,58
9/5/2016,70,88,54
9/6/2016,78,93,63
9/7/2016,81,94,67
9/8/2016,82,96,72
9/9/2016,85,98,74
9/10/2016,84,96,72
9/11/2016,80,84,67
9/12/2016,72,84,62
9/13/2016,75,90,62
9/14/2016,79,93,62
9/15/2016,73,77,67
9/16/2016,70,77,65
9/17/2016,73,82,67
9/18/2016,77,89,70
9/19/2016,74,76,69
9/20/2016,73,81,68
9/21/2016,74,84,66
9/22/2016,74,87,60
9/23/2016,73,91,56
9/24/2016,71,76,56
9/25/2016,63,74,54
9/26/2016,64,68,58
9/27/2016,67,77,58
9/28/2016,64,68,62
9/29/2016,67,68,62
9/30/2016,62,64,60
10/1/2016,63,65,61
10/2/2016,65,75,61
10/3/2016,67,76,55
10/4/2016,62,75,53
10/5/2016,62,71,51
10/6/2016,58,71,49
10/7/2016,62,70,58
10/8/2016,65,66,62
10/9/2016,61,67,53
10/10/2016,56,65,41
10/11/2016,51,66,37
10/12/2016,53,69,39
10/13/2016,56,73,43
10/14/2016,54,64,38
10/15/2016,52,67,36
10/16/2016,59,75,46
10/17/2016,68,84,51
10/18/2016,70,85,56
10/19/2016,74,87,64
10/20/2016,74,83,65
10/21/2016,68,76,55
10/22/2016,55,58,47
10/23/2016,54,70,43
10/24/2016,59,70,49
10/25/2016,52,62,36
10/26/2016,45,58,30
10/27/2016,52,62,44
10/28/2016,55,61,38
10/29/2016,53,76,37
10/30/2016,67,84,56
10/31/2016,56,60,40
11/1/2016,49,60,37
11/2/2016,61,78,52
11/3/2016,65,79,55
11/4/2016,59,62,38
11/5/2016,49,66,34
11/6/2016,53,67,38
11/7/2016,48,62,34
11/8/2016,45,69,28
11/9/2016,55,64,49
11/10/2016,51,61,41
11/11/2016,52,64,35
11/12/2016,44,52,26
11/13/2016,40,64,23
11/14/2016,42,57,25
11/15/2016,51,63,38
11/16/2016,46,64,30
11/17/2016,48,61,31
11/18/2016,47,73,30
11/19/2016,50,70,35
11/20/2016,40,45,34
11/21/2016,37,43,32
11/22/2016,38,48,26
11/23/2016,36,50,20
11/24/2016,45,59,33
11/25/2016,46,59,33
11/26/2016,47,50,33
11/27/2016,41,52,28
11/28/2016,36,52,23
11/29/2016,50,57,46
11/30/2016,57,65,54
12/1/2016,53,58,44
12/2/2016,45,51,41
12/3/2016,43,48,38
12/4/2016,39,45,30
12/5/2016,44,55,38
12/6/2016,41,41,38
12/7/2016,42,50,29
12/8/2016,37,48,29
12/9/2016,32,37,26
12/10/2016,30,35,22
12/11/2016,29,40,22
12/12/2016,43,53,40
12/13/2016,40,46,32
12/14/2016,38,45,30
12/15/2016,27,34,11
12/16/2016,18,27,9
12/17/2016,31,52,25
12/18/2016,51,63,33
12/19/2016,33,35,28
12/20/2016,27,37,17
12/21/2016,31,48,19
12/22/2016,41,57,29
12/23/2016,38,46,26
12/24/2016,42,47,32
12/25/2016,41,51,32
12/26/2016,42,48,39
12/27/2016,55,67,41
12/28/2016,44,50,31
12/29/2016,39,51,31
12/30/2016,36,41,27
12/31/2016,34,47,24
1/1/2017,43,54,33
1/2/2017,42,45,39
1/3/2017,42,44,41
1/4/2017,46,56,29
1/5/2017,31,34,23
1/6/2017,29,31,24
1/7/2017,22,24,16
1/8/2017,17,22,11
1/9/2017,17,27,7
1/10/2017,24,40,18
1/11/2017,44,57,37
1/12/2017,56,70,49
1/13/2017,54,63,40
1/14/2017,37,40,32
1/15/2017,38,47,33
1/16/2017,40,45,37
1/17/2017,42,52,40
1/18/2017,50,57,41
1/19/2017,46,52,31
1/20/2017,40,49,32
1/21/2017,47,49,46
1/22/2017,48,50,46
1/23/2017,45,50,36
1/24/2017,40,47,36
1/25/2017,49,63,42
1/26/2017,50,57,40
1/27/2017,40,41,35
1/28/2017,37,47,28
1/29/2017,36,43,30
1/30/2017,33,37,21
1/31/2017,35,54,21
2/1/2017,38,51,27
2/2/2017,42,49,33
2/3/2017,34,37,28
2/4/2017,28,39,14
2/5/2017,37,53,30
2/6/2017,43,63,25
2/7/2017,58,72,50
2/8/2017,63,71,52
2/9/2017,41,52,22
2/10/2017,26,35,20
2/11/2017,40,52,31
2/12/2017,46,53,41
2/13/2017,42,46,25
2/14/2017,33,46,22
2/15/2017,39,53,30
2/16/2017,34,39,24
2/17/2017,34,52,19
2/18/2017,44,72,25
2/19/2017,59,69,50
2/20/2017,56,65,40
2/21/2017,47,57,35
2/22/2017,51,65,44
2/23/2017,61,77,52
2/24/2017,65,77,53
2/25/2017,63,77,41
2/26/2017,41,48,26
2/27/2017,38,54,24
2/28/2017,51,67,37
3/1/2017,60,75,53
3/2/2017,51,60,30
3/3/2017,36,41,27
3/4/2017,31,42,18
3/5/2017,29,39,19
3/6/2017,37,53,24
3/7/2017,52,68,43
3/8/2017,57,66,48
3/9/2017,57,71,43
3/10/2017,45,56,28
3/11/2017,31,38,24
3/12/2017,31,41,23
3/13/2017,31,46,17
3/14/2017,32,37,22
3/15/2017,25,31,19
3/16/2017,30,39,23
3/17/2017,34,50,20
3/18/2017,44,57,36
3/19/2017,41,51,34
3/20/2017,43,54,31
3/21/2017,50,62,44
3/22/2017,48,59,33
3/23/2017,36,48,21
3/24/2017,42,62,33
3/25/2017,64,78,55
3/26/2017,53,62,46
3/27/2017,54,75,45
3/28/2017,62,71,53
3/29/2017,58,65,48
3/30/2017,50,53,41
3/31/2017,46,48,43
4/1/2017,49,58,44
4/2/2017,51,64,36
4/3/2017,54,67,42
4/4/2017,65,79,56
4/5/2017,64,73,50
4/6/2017,58,62,48
4/7/2017,46,48,39
4/8/2017,47,63,29
4/9/2017,53,72,32
4/10/2017,62,81,41
4/11/2017,71,86,57
4/12/2017,70,77,59
4/13/2017,61,69,46
4/14/2017,58,72,44
4/15/2017,62,78,52
4/16/2017,73,86,63
4/17/2017,67,71,54
4/18/2017,62,73,48
4/19/2017,56,62,49
4/20/2017,65,82,55
4/21/2017,69,84,61
4/22/2017,60,65,48
4/23/2017,52,60,45
4/24/2017,53,57,51
4/25/2017,54,59,51
4/26/2017,61,73,56
4/27/2017,66,82,54
4/28/2017,73,84,57
4/29/2017,76,89,65
4/30/2017,77,86,66
5/1/2017,75,81,70
5/2/2017,70,76,53
5/3/2017,60,63,44
5/4/2017,55,65,41
5/5/2017,63,75,56
5/6/2017,58,63,45
5/7/2017,52,62,43
5/8/2017,53,64,39
5/9/2017,52,66,36
5/10/2017,56,75,40
5/11/2017,57,59,50
5/12/2017,52,56,48
5/13/2017,51,60,44
5/14/2017,59,80,42
5/15/2017,63,75,47
5/16/2017,64,81,44
5/17/2017,74,92,57
5/18/2017,80,90,67
5/19/2017,76,90,66
5/20/2017,69,71,60
5/21/2017,62,67,57
5/22/2017,63,73,57
5/23/2017,62,65,55
5/24/2017,60,65,57
5/25/2017,61,73,55
5/26/2017,63,76,53
5/27/2017,64,72,55
5/28/2017,65,74,57
5/29/2017,70,82,63
5/30/2017,67,73,62
5/31/2017,69,83,59
6/1/2017,69,82,57
6/2/2017,68,80,52
6/3/2017,68,84,52
6/4/2017,71,86,55
6/5/2017,72,73,64
6/6/2017,69,77,59
6/7/2017,62,69,53
6/8/2017,62,75,50
6/9/2017,67,80,52
6/10/2017,73,87,60
6/11/2017,79,91,64
6/12/2017,80,91,65
6/13/2017,82,95,68
6/14/2017,82,90,72
6/15/2017,77,85,69
6/16/2017,74,80,68
6/17/2017,76,86,70
6/18/2017,80,91,73
6/19/2017,80,87,70
6/20/2017,75,86,63
6/21/2017,77,88,64
6/22/2017,78,86,66
6/23/2017,78,87,71
6/24/2017,79,86,66
6/25/2017,74,85,62
6/26/2017,72,81,56
6/27/2017,72,80,57
6/28/2017,68,80,50
6/29/2017,74,89,60
6/30/2017,80,92,70
7/1/2017,81,91,72
7/2/2017,81,90,70
7/3/2017,80,90,66
7/4/2017,78,90,68
7/5/2017,77,84,70
7/6/2017,73,80,71
7/7/2017,77,88,67
7/8/2017,76,87,66
7/9/2017,74,83,62
7/10/2017,76,89,63
7/11/2017,79,89,68
7/12/2017,81,93,71
7/13/2017,83,94,71
7/14/2017,82,94,72
7/15/2017,78,87,69
7/16/2017,76,87,63
7/17/2017,80,89,71
7/18/2017,80,92,71
7/19/2017,80,93,70
7/20/2017,83,93,72
7/21/2017,84,93,73
7/22/2017,80,90,72
7/23/2017,77,87,72
7/24/2017,79,90,73
7/25/2017,75,79,63
7/26/2017,72,84,61
7/27/2017,76,87,69
7/28/2017,74,78,69
7/29/2017,70,77,63
7/30/2017,71,82,57
7/31/2017,72,88,57
8/1/2017,76,89,62
8/2/2017,78,89,68
8/3/2017,77,88,68
8/4/2017,76,88,65
8/5/2017,75,79,62
8/6/2017,69,80,58
8/7/2017,71,74,68
8/8/2017,72,80,63
8/9/2017,71,84,55
8/10/2017,71,83,59
8/11/2017,73,83,67
8/12/2017,73,84,68
8/13/2017,73,83,65
8/14/2017,70,77,62
8/15/2017,73,80,67
8/16/2017,76,89,65
8/17/2017,78,89,68
8/18/2017,81,93,75
8/19/2017,80,88,66
8/20/2017,75,86,67
8/21/2017,78,89,69
8/22/2017,79,91,71
8/23/2017,79,83,67
8/24/2017,72,81,61
8/25/2017,70,78,61
8/26/2017,69,79,59
8/27/2017,67,77,57
8/28/2017,66,76,54
8/29/2017,65,67,61
8/30/2017,67,78,59
8/31/2017,71,84,60
9/1/2017,65,69,58
9/2/2017,58,61,53
9/3/2017,66,78,59
9/4/2017,68,82,55
9/5/2017,74,86,65
9/6/2017,65,68,59
9/7/2017,63,72,50
9/8/2017,62,76,48
9/9/2017,62,71,50
9/10/2017,60,72,47
9/11/2017,60,72,49
9/12/2017,65,77,57
9/13/2017,69,78,62
9/14/2017,71,80,65
9/15/2017,72,82,62
9/16/2017,71,84,59
9/17/2017,72,83,62
9/18/2017,71,80,62
9/19/2017,72,82,65
9/20/2017,74,87,61
9/21/2017,71,85,60
9/22/2017,73,83,61
9/23/2017,71,86,58
9/24/2017,73,89,60
9/25/2017,75,89,64
9/26/2017,75,85,66
9/27/2017,77,89,68
9/28/2017,75,79,62
9/29/2017,64,73,49
9/30/2017,61,67,51
10/1/2017,56,69,44
10/2/2017,56,74,40
10/3/2017,59,74,44
10/4/2017,61,79,44
10/5/2017,66,85,51
10/6/2017,71,85,57
10/7/2017,72,85,56
10/8/2017,77,83,73
10/9/2017,77,87,69
10/10/2017,75,87,64
10/11/2017,73,75,65
10/12/2017,65,66,58
10/13/2017,60,64,58
10/14/2017,64,73,61
10/15/2017,67,79,61
10/16/2017,63,70,48
10/17/2017,51,63,36
10/18/2017,51,70,36
10/19/2017,55,73,37
10/20/2017,58,76,44
10/21/2017,58,77,42
10/22/2017,59,75,44
10/23/2017,64,75,51
10/24/2017,65,71,54
10/25/2017,58,64,50
10/26/2017,52,59,37
10/27/2017,48,67,33
10/28/2017,58,71,48
10/29/2017,60,66,43
10/30/2017,48,59,43
10/31/2017,48,60,36
11/1/2017,46,56,37
11/2/2017,56,76,43
11/3/2017,64,77,54
11/4/2017,54,57,46
11/5/2017,53,60,50
11/6/2017,62,72,51
11/7/2017,47,51,39
11/8/2017,42,48,39
11/9/2017,45,50,42
11/10/2017,42,46,29
11/11/2017,30,37,21
11/12/2017,33,47,23
11/13/2017,42,50,36
11/14/2017,43,49,34
11/15/2017,41,54,27
11/16/2017,49,62,39
11/17/2017,45,53,29
11/18/2017,43,62,31
11/19/2017,52,60,40
11/20/2017,42,51,35
11/21/2017,44,60,34
11/22/2017,51,56,34
11/23/2017,35,44,25
11/24/2017,36,55,24
11/25/2017,43,62,28
11/26/2017,49,53,31
11/27/2017,44,60,30
11/28/2017,44,63,30
11/29/2017,50,68,32
11/30/2017,43,57,32
12/1/2017,47,54,29
12/2/2017,37,52,25
12/3/2017,43,56,30
12/4/2017,38,55,26
12/5/2017,50,61,43
12/6/2017,46,54,34
12/7/2017,40,49,30
12/8/2017,36,39,33
12/9/2017,33,35,25
12/10/2017,31,40,25
12/11/2017,37,48,30
12/12/2017,40,46,22
12/13/2017,26,34,20
12/14/2017,34,40,26
12/15/2017,27,29,20
12/16/2017,31,46,23
12/17/2017,35,51,23
12/18/2017,43,57,28
12/19/2017,47,60,34
12/20/2017,47,53,26
12/21/2017,33,45,21
12/22/2017,40,52,32
12/23/2017,49,62,39
12/24/2017,41,43,35
12/25/2017,35,39,26
12/26/2017,29,37,24
12/27/2017,28,31,17
12/28/2017,18,23,9
12/29/2017,19,31,10
12/30/2017,24,32,19
12/31/2017,18,21,10
1/1/2018,15,23,6
1/2/2018,15,25,7
1/3/2018,15,32,1
1/4/2018,24,28,13
1/5/2018,14,19,10
1/6/2018,13,19,8
1/7/2018,12,24,-1
1/8/2018,23,35,17
1/9/2018,35,50,22
1/10/2018,32,43,20
1/11/2018,46,62,37
1/12/2018,63,70,58
1/13/2018,42,61,19
1/14/2018,20,26,14
1/15/2018,20,31,11
1/16/2018,29,39,25
1/17/2018,27,32,17
1/18/2018,27,46,16
1/19/2018,34,54,17
1/20/2018,37,61,20
1/21/2018,43,63,28
1/22/2018,55,66,48
1/23/2018,56,64,40
1/24/2018,42,44,31
1/25/2018,34,41,22
1/26/2018,31,48,19
1/27/2018,43,61,26
1/28/2018,53,55,45
1/29/2018,44,46,33
1/30/2018,33,35,20
1/31/2018,25,39,15
2/1/2018,41,51,37
2/2/2018,34,40,15
2/3/2018,21,34,9
2/4/2018,33,34,30
2/5/2018,32,36,22
2/6/2018,29,39,22
2/7/2018,31,40,26
2/8/2018,31,36,21
2/9/2018,30,46,20
2/10/2018,40,46,31
2/11/2018,49,67,43
2/12/2018,51,62,34
2/13/2018,35,42,25
2/14/2018,38,53,31
2/15/2018,56,76,48
2/16/2018,62,68,36
2/17/2018,36,42,29
2/18/2018,37,50,31
2/19/2018,40,47,36
2/20/2018,57,77,47
2/21/2018,68,80,59
2/22/2018,57,65,41
2/23/2018,42,47,39
2/24/2018,48,51,47
2/25/2018,48,53,46
2/26/2018,49,51,30
2/27/2018,41,58,26
2/28/2018,49,62,41
3/1/2018,51,55,43
3/2/2018,44,51,37
3/3/2018,40,49,33
3/4/2018,40,50,31
3/5/2018,37,46,27
3/6/2018,35,43,23
3/7/2018,38,50,33
3/8/2018,37,44,30
3/9/2018,35,43,24
3/10/2018,34,49,20
3/11/2018,37,50,22
3/12/2018,35,42,25
3/13/2018,36,47,30
3/14/2018,34,41,27
3/15/2018,39,53,26
3/16/2018,37,45,25
3/17/2018,34,44,23
3/18/2018,41,58,29
3/19/2018,42,60,25
3/20/2018,38,44,29
3/21/2018,31,34,30
3/22/2018,36,44,31
3/23/2018,39,49,29
3/24/2018,38,49,27
3/25/2018,36,47,26
3/26/2018,37,49,23
3/27/2018,37,43,28
3/28/2018,44,53,40
3/29/2018,55,76,46
3/30/2018,65,72,41
3/31/2018,47,61,31
4/1/2018,53,65,46
4/2/2018,46,50,38
4/3/2018,46,52,43
4/4/2018,55,69,39
4/5/2018,42,54,32
4/6/2018,51,71,41
4/7/2018,48,58,36
4/8/2018,40,51,29
4/9/2018,39,43,36
4/10/2018,42,53,34
4/11/2018,45,59,33
4/12/2018,57,77,43
4/13/2018,72,86,58
4/14/2018,74,84,62
4/15/2018,63,71,45
4/16/2018,48,53,41
4/17/2018,42,45,36
4/18/2018,44,62,29
4/19/2018,51,58,38
4/20/2018,46,60,29
4/21/2018,48,63,30
4/22/2018,54,68,44
4/23/2018,56,69,42
4/24/2018,57,62,53
4/25/2018,56,62,53
4/26/2018,58,71,44
4/27/2018,58,64,49
4/28/2018,59,77,43
4/29/2018,51,55,36
4/30/2018,52,71,31
5/1/2018,63,82,39
5/2/2018,70,88,46
5/3/2018,76,90,63
5/4/2018,78,90,64
5/5/2018,69,73,54
5/6/2018,58,68,53
5/7/2018,63,77,53
5/8/2018,65,76,50
5/9/2018,65,78,46
5/10/2018,68,82,56
5/11/2018,69,82,53
5/12/2018,73,90,61
5/13/2018,68,73,60
5/14/2018,66,81,60
5/15/2018,72,89,63
5/16/2018,70,74,65
5/17/2018,66,69,64
5/18/2018,65,68,55
5/19/2018,57,67,54
5/20/2018,74,87,67
5/21/2018,73,82,63
5/22/2018,70,80,65
5/23/2018,72,80,58
5/24/2018,71,84,56
5/25/2018,72,86,56
5/26/2018,78,88,71
5/27/2018,76,86,68
5/28/2018,68,73,63
5/29/2018,73,83,67
5/30/2018,73,78,67
5/31/2018,73,83,68
6/1/2018,76,88,69
6/2/2018,75,82,69
6/3/2018,67,71,56
6/4/2018,63,79,56
6/5/2018,67,80,52
6/6/2018,67,74,59
6/7/2018,67,80,57
6/8/2018,72,85,58
6/9/2018,77,88,67
6/10/2018,71,79,63
6/11/2018,63,65,58
6/12/2018,64,76,52
6/13/2018,72,83,65
6/14/2018,77,84,63
6/15/2018,74,83,59
6/16/2018,71,86,54
6/17/2018,78,88,68
6/18/2018,80,94,68
6/19/2018,81,93,71
6/20/2018,76,84,69
6/21/2018,74,82,68
6/22/2018,70,72,64
6/23/2018,68,78,64
6/24/2018,74,87,64
6/25/2018,75,83,65
6/26/2018,72,82,60
6/27/2018,72,80,66
6/28/2018,79,87,70
6/29/2018,78,90,65
6/30/2018,79,92,64
7/1/2018,81,93,68
7/2/2018,83,95,70
7/3/2018,84,96,73
7/4/2018,82,91,75
7/5/2018,81,90,74
7/6/2018,81,85,73
7/7/2018,73,80,63
7/8/2018,70,83,54
7/9/2018,72,87,54
7/10/2018,78,93,60
7/11/2018,80,91,70
7/12/2018,78,88,67
7/13/2018,76,86,63
7/14/2018,77,89,63
7/15/2018,78,88,69
7/16/2018,78,94,66
7/17/2018,78,89,70
7/18/2018,75,85,64
7/19/2018,74,86,61
7/20/2018,74,87,62
7/21/2018,70,74,62
7/22/2018,68,80,60
7/23/2018,76,82,73
7/24/2018,76,82,73
7/25/2018,75,82,71
7/26/2018,76,89,68
7/27/2018,78,90,68
7/28/2018,75,85,67
7/29/2018,75,85,65
7/30/2018,72,77,67
7/31/2018,73,82,68
8/1/2018,78,87,71
8/2/2018,76,80,70
8/3/2018,76,82,71
8/4/2018,77,88,68
8/5/2018,80,91,68
8/6/2018,81,92,70
8/7/2018,80,92,71
8/8/2018,79,91,68
8/9/2018,80,90,70
8/10/2018,80,88,68
8/11/2018,78,87,73
8/12/2018,75,83,68
8/13/2018,73,84,67
8/14/2018,73,84,62
8/15/2018,77,89,64
8/16/2018,79,90,67
8/17/2018,79,92,71
8/18/2018,75,84,69
8/19/2018,74,82,68
8/20/2018,73,79,68
8/21/2018,75,79,71
8/22/2018,74,83,67
8/23/2018,70,79,59
8/24/2018,68,82,54
8/25/2018,70,82,58
8/26/2018,73,87,62
8/27/2018,79,92,68
8/28/2018,82,95,70
8/29/2018,84,94,74
8/30/2018,81,89,72
8/31/2018,79,89,71
9/1/2018,77,86,72
9/2/2018,77,89,69
9/3/2018,81,94,72
9/4/2018,82,94,72
9/5/2018,81,92,72
9/6/2018,82,94,72
9/7/2018,80,87,72
9/8/2018,69,73,59
9/9/2018,61,64,57
9/10/2018,64,68,61
9/11/2018,68,72,66
9/12/2018,72,81,68
9/13/2018,75,79,71
9/14/2018,74,77,72
9/15/2018,74,81,69
9/16/2018,72,80,67
9/17/2018,74,78,71
9/18/2018,76,84,68
9/19/2018,76,86,64
9/20/2018,72,83,64
9/21/2018,71,76,68
9/22/2018,72,76,61
9/23/2018,61,62,58
9/24/2018,63,65,61
9/25/2018,69,77,64
9/26/2018,75,86,70
9/27/2018,64,70,55
9/28/2018,62,75,56
9/29/2018,66,78,56
9/30/2018,65,75,54
10/1/2018,70,84,61
10/2/2018,73,84,65
10/3/2018,75,86,65
10/4/2018,74,89,63
10/5/2018,72,76,62
10/6/2018,67,72,63
10/7/2018,73,84,68
10/8/2018,74,84,66
10/9/2018,74,82,69
10/10/2018,75,83,69
10/11/2018,75,80,64
10/12/2018,62,64,49
10/13/2018,53,58,41
10/14/2018,49,57,40
10/15/2018,59,70,54
10/16/2018,59,63,52
10/17/2018,56,68,47
10/18/2018,52,58,36
10/19/2018,47,64,33
10/20/2018,58,69,48
10/21/2018,49,52,34
10/22/2018,42,56,29
10/23/2018,53,71,37
10/24/2018,50,56,41
10/25/2018,44,53,31
10/26/2018,44,48,37
10/27/2018,48,52,46
10/28/2018,51,59,46
10/29/2018,52,57,42
10/30/2018,48,63,35
10/31/2018,51,69,37
11/1/2018,62,74,55
11/2/2018,69,71,54
11/3/2018,53,57,37
11/4/2018,44,57,32
11/5/2018,51,52,50
11/6/2018,54,59,47
11/7/2018,52,61,41
11/8/2018,52,57,44
11/9/2018,46,49,44
11/10/2018,42,46,30
11/11/2018,35,46,25
11/12/2018,36,48,27
11/13/2018,43,47,41
11/14/2018,40,43,36
11/15/2018,35,37,30
11/16/2018,39,48,34
11/17/2018,42,48,30
11/18/2018,37,50,28
11/19/2018,45,61,34
11/20/2018,48,52,35
11/21/2018,39,53,26
11/22/2018,34,39,26
11/23/2018,29,34,26
11/24/2018,34,43,31
11/25/2018,44,61,33
11/26/2018,48,50,39
11/27/2018,39,42,33
11/28/2018,33,37,28
11/29/2018,32,38,27
11/30/2018,37,45,30
12/1/2018,36,42,28
12/2/2018,44,56,40
12/3/2018,52,58,43
12/4/2018,41,44,31
12/5/2018,33,38,27
12/6/2018,35,43,27
12/7/2018,36,40,23
12/8/2018,28,36,18
12/9/2018,31,32,29
12/10/2018,31,39,24
12/11/2018,30,44,19
12/12/2018,33,44,23
12/13/2018,40,52,29
12/14/2018,38,45,28
12/15/2018,45,52,42
12/16/2018,45,49,40
12/17/2018,45,56,36
12/18/2018,40,45,26
12/19/2018,34,50,23
12/20/2018,36,60,27
12/21/2018,59,66,42
12/22/2018,46,50,36
12/23/2018,38,46,28
12/24/2018,41,46,35
12/25/2018,37,41,25
12/26/2018,32,49,22
12/27/2018,36,50,24
12/28/2018,45,51,42
12/29/2018,47,54,36
12/30/2018,39,46,30
12/31/2018,37,47,30
1/1/2019,53,62,40
1/2/2019,43,45,37
1/3/2019,44,49,30
1/4/2019,36,46,28
1/5/2019,46,53,40
1/6/2019,44,54,29
1/7/2019,37,39,30
1/8/2019,42,59,36
1/9/2019,45,51,30
1/10/2019,31,35,27
1/11/2019,29,36,24
1/12/2019,29,34,23
1/13/2019,29,30,27
1/14/2019,29,34,15
1/15/2019,22,37,9
1/16/2019,26,41,12
1/17/2019,35,36,28
1/18/2019,34,43,30
1/19/2019,35,37,30
1/20/2019,34,40,16
1/21/2019,17,21,12
1/22/2019,19,32,10
1/23/2019,36,47,29
1/24/2019,47,59,30
1/25/2019,34,40,23
1/26/2019,28,39,17
1/27/2019,32,47,20
1/28/2019,34,38,27
1/29/2019,31,36,22
1/30/2019,21,33,6
1/31/2019,11,22,-2
2/1/2019,17,23,8
2/2/2019,21,40,7
2/3/2019,35,57,22
2/4/2019,41,63,27
2/5/2019,49,72,33
2/6/2019,49,58,36
2/7/2019,49,54,44
2/8/2019,50,56,33
2/9/2019,31,34,20
2/10/2019,26,39,15
2/11/2019,34,36,32
2/12/2019,34,38,32
2/13/2019,39,48,32
2/14/2019,38,50,26
2/15/2019,53,65,47
2/16/2019,44,48,30
2/17/2019,33,39,23
2/18/2019,39,48,35
2/19/2019,34,40,26
2/20/2019,32,34,29
2/21/2019,36,54,31
2/22/2019,44,48,35
2/23/2019,37,40,33
2/24/2019,41,59,36
2/25/2019,43,48,36
2/26/2019,40,54,28
2/27/2019,35,39,24
2/28/2019,38,46,33
3/1/2019,34,37,31
3/2/2019,37,48,33
3/3/2019,39,42,33
3/4/2019,35,40,26
3/5/2019,30,41,22
3/6/2019,26,31,19
3/7/2019,28,42,16
3/8/2019,32,38,26
3/9/2019,35,40,33
3/10/2019,43,63,37
3/11/2019,53,62,40
3/12/2019,45,52,29
3/13/2019,40,61,24
3/14/2019,55,75,37
3/15/2019,69,77,53
3/16/2019,51,54,39
3/17/2019,42,52,28
3/18/2019,41,51,29
3/19/2019,39,51,23
3/20/2019,40,55,27
3/21/2019,44,46,40
3/22/2019,44,50,37
3/23/2019,41,52,33
3/24/2019,45,65,27
3/25/2019,52,62,40
3/26/2019,42,49,28
3/27/2019,39,53,24
3/28/2019,46,64,32
3/29/2019,57,68,46
3/30/2019,58,77,43
3/31/2019,59,66,32
4/1/2019,38,49,27
4/2/2019,40,48,28
4/3/2019,48,70,27
4/4/2019,54,68,37
4/5/2019,49,51,44
4/6/2019,52,69,43
4/7/2019,59,72,45
4/8/2019,68,82,60
4/9/2019,67,79,55
4/10/2019,62,70,43
4/11/2019,54,60,45
4/12/2019,57,68,49
4/13/2019,67,75,61
4/14/2019,66,76,56
4/15/2019,60,73,45
4/16/2019,53,68,41
4/17/2019,62,73,54
4/18/2019,62,81,53
4/19/2019,71,74,64
4/20/2019,67,72,56
4/21/2019,58,68,46
4/22/2019,60,72,51
4/23/2019,64,83,45
4/24/2019,69,75,57
4/25/2019,64,74,54
4/26/2019,62,75,53
4/27/2019,59,70,50
4/28/2019,59,74,45
4/29/2019,50,61,37
4/30/2019,63,83,53
5/1/2019,64,67,58
5/2/2019,66,87,54
5/3/2019,69,83,58
5/4/2019,68,75,61
5/5/2019,65,66,58
5/6/2019,64,77,57
5/7/2019,67,81,56
5/8/2019,66,68,60
5/9/2019,65,77,59
5/10/2019,71,80,64
5/11/2019,65,66,56
5/12/2019,56,58,49
5/13/2019,51,58,48
5/14/2019,54,61,47
5/15/2019,58,74,41
5/16/2019,64,78,50
5/17/2019,65,82,51
5/18/2019,74,85,61
5/19/2019,75,89,62
5/20/2019,80,88,69
5/21/2019,67,71,53
5/22/2019,62,71,48
5/23/2019,69,88,59
5/24/2019,75,84,61
5/25/2019,72,81,61
5/26/2019,76,90,64
5/27/2019,77,84,67
5/28/2019,76,90,65
5/29/2019,80,91,66
5/30/2019,76,88,62
5/31/2019,75,85,61
6/1/2019,74,84,63
6/2/2019,71,84,58
6/3/2019,65,73,49
6/4/2019,62,76,44
6/5/2019,70,81,56
6/6/2019,78,88,69
6/7/2019,75,80,69
6/8/2019,74,82,67
6/9/2019,70,73,63
6/10/2019,65,72,62
6/11/2019,70,78,57
6/12/2019,67,77,55
6/13/2019,67,77,61
6/14/2019,67,77,55
6/15/2019,67,82,50
6/16/2019,75,86,66
6/17/2019,80,90,67
6/18/2019,76,87,69
6/19/2019,76,87,68
6/20/2019,80,91,72
6/21/2019,76,83,68
6/22/2019,73,82,58
6/23/2019,71,84,53
6/24/2019,75,90,66
6/25/2019,78,89,70
6/26/2019,79,91,63
6/27/2019,80,95,67
6/28/2019,78,92,65
6/29/2019,80,95,66
6/30/2019,80,91,66
7/1/2019,76,86,58
7/2/2019,77,95,61
7/3/2019,80,93,68
7/4/2019,80,92,72
7/5/2019,79,91,71
7/6/2019,82,95,71
7/7/2019,79,89,72
7/8/2019,76,77,65
7/9/2019,74,86,60
7/10/2019,78,88,68
7/11/2019,78,91,70
7/12/2019,77,90,69
7/13/2019,80,91,66
7/14/2019,81,94,67
7/15/2019,81,92,64
7/16/2019,82,94,69
7/17/2019,85,96,72
7/18/2019,81,92,74
7/19/2019,85,96,72
7/20/2019,87,98,74
7/21/2019,87,100,72
7/22/2019,79,94,71
7/23/2019,73,77,67
7/24/2019,74,84,64
7/25/2019,74,87,59
7/26/2019,75,88,60
7/27/2019,77,90,62
7/28/2019,81,94,66
7/29/2019,82,96,68
7/30/2019,83,97,70
7/31/2019,76,86,67
8/1/2019,77,92,63
8/2/2019,78,88,69
8/3/2019,78,89,68
8/4/2019,81,92,67
8/5/2019,76,88,64
8/6/2019,78,93,63
8/7/2019,77,92,67
8/8/2019,78,92,64
8/9/2019,81,92,67
8/10/2019,75,85,58
8/11/2019,74,86,58
8/12/2019,75,94,58
8/13/2019,80,86,73
8/14/2019,79,89,71
8/15/2019,76,85,66
8/16/2019,77,88,70
8/17/2019,80,93,70
8/18/2019,81,94,70
8/19/2019,82,95,69
8/20/2019,80,92,70
8/21/2019,77,92,69
8/22/2019,81,93,69
8/23/2019,72,75,64
8/24/2019,69,79,61
8/25/2019,70,79,61
8/26/2019,68,75,60
8/27/2019,69,79,61
8/28/2019,73,82,65
8/29/2019,71,83,56
8/30/2019,71,89,55
8/31/2019,76,86,64
9/1/2019,74,80,69
9/2/2019,76,89,69
9/3/2019,74,87,64
9/4/2019,79,92,68
9/5/2019,76,80,68
9/6/2019,71,79,60
9/7/2019,69,83,56
9/8/2019,70,82,56
9/9/2019,74,83,63
9/10/2019,72,85,60
9/11/2019,76,94,68
9/12/2019,80,95,67
9/13/2019,71,75,66
9/14/2019,71,79,66
9/15/2019,76,87,60
9/16/2019,73,91,58
9/17/2019,75,80,61
9/18/2019,67,79,54
9/19/2019,63,74,49
9/20/2019,62,81,45
9/21/2019,69,90,53
9/22/2019,77,91,62
9/23/2019,80,94,68
9/24/2019,74,80,55
9/25/2019,66,82,49
9/26/2019,70,89,55
9/27/2019,67,81,53
9/28/2019,73,86,59
9/29/2019,77,89,68
9/30/2019,71,73,68
10/1/2019,74,87,67
10/2/2019,81,96,69
10/3/2019,78,82,72
10/4/2019,73,78,51
10/5/2019,56,66,46
10/6/2019,64,72,60
10/7/2019,72,81,58
10/8/2019,61,67,56
10/9/2019,62,72,54
10/10/2019,61,75,52
10/11/2019,63,75,47
10/12/2019,58,71,45
10/13/2019,58,65,47
10/14/2019,58,76,39
10/15/2019,57,72,39
10/16/2019,57,62,47
10/17/2019,53,58,49
10/18/2019,53,64,41
10/19/2019,49,64,33
10/20/2019,54,57,52
10/21/2019,58,69,54
10/22/2019,58,60,48
10/23/2019,55,68,39
10/24/2019,52,70,35
10/25/2019,53,67,42
10/26/2019,59,64,52
10/27/2019,67,79,57
10/28/2019,62,70,50
10/29/2019,58,65,48
10/30/2019,60,65,58
10/31/2019,67,78,51
11/1/2019,51,52,37
11/2/2019,41,53,30
11/3/2019,43,55,31
11/4/2019,43,60,29
11/5/2019,49,65,34
11/6/2019,51,59,39
11/7/2019,50,60,40
11/8/2019,41,44,27
11/9/2019,33,45,21
11/10/2019,41,57,29
11/11/2019,47,69,31
11/12/2019,49,60,28
11/13/2019,29,37,19
11/14/2019,30,42,17
11/15/2019,37,53,25
11/16/2019,40,47,34
11/17/2019,38,44,34
11/18/2019,40,43,36
11/19/2019,44,54,39
11/20/2019,48,52,44
11/21/2019,44,54,30
11/22/2019,49,54,33
11/23/2019,37,42,25
11/24/2019,42,51,32
11/25/2019,42,57,28
11/26/2019,44,62,29
11/27/2019,49,57,38
11/28/2019,47,51,41
11/29/2019,43,50,38
11/30/2019,41,44,38
12/1/2019,40,43,38
12/2/2019,40,43,37
12/3/2019,41,47,33
12/4/2019,39,48,32
12/5/2019,41,46,30
12/6/2019,39,50,31
12/7/2019,40,44,24
12/8/2019,31,47,20
12/9/2019,42,52,36
12/10/2019,53,56,37
12/11/2019,37,41,30
12/12/2019,32,39,23
12/13/2019,33,38,33
12/14/2019,41,49,38
12/15/2019,44,53,35
12/16/2019,35,37,32
12/17/2019,36,40,34
12/18/2019,35,40,25
12/19/2019,27,34,19
12/20/2019,27,40,18
12/21/2019,29,39,22
12/22/2019,30,49,19
12/23/2019,34,55,23
12/24/2019,38,52,27
12/25/2019,35,50,23
12/26/2019,38,58,26
12/27/2019,43,57,32
12/28/2019,47,65,32
12/29/2019,47,52,40
12/30/2019,52,63,45
12/31/2019,46,53,41
1/1/2020,43,50,26
1/2/2020,35,51,23
1/3/2020,49,53,45
1/4/2020,52,58,43
1/5/2020,41,43,27
1/6/2020,38,53,27
1/7/2020,33,40,26
1/8/2020,33,43,25
1/9/2020,31,39,24
1/10/2020,41,56,34
1/11/2020,59,70,48
1/12/2020,65,68,46
1/13/2020,46,50,38
1/14/2020,43,48,38
1/15/2020,47,57,40
1/16/2020,49,54,35
1/17/2020,34,36,24
1/18/2020,28,40,24
1/19/2020,38,43,25
1/20/2020,27,34,22
1/21/2020,27,35,20
1/22/2020,28,40,16
1/23/2020,29,43,19
1/24/2020,40,50,32
1/25/2020,47,51,36
1/26/2020,39,47,28
1/27/2020,39,50,31
1/28/2020,41,45,38
1/29/2020,40,44,26
1/30/2020,32,41,23
1/31/2020,37,44,28
2/1/2020,36,50,24
2/2/2020,42,58,30
2/3/2020,56,67,40
2/4/2020,59,67,53
2/5/2020,48,59,37
2/6/2020,39,48,37
2/7/2020,47,59,33
2/8/2020,36,44,27
2/9/2020,36,49,24
2/10/2020,44,47,41
2/11/2020,49,55,46
2/12/2020,45,48,39
2/13/2020,45,55,39
2/14/2020,38,40,23
2/15/2020,26,37,15
2/16/2020,36,53,29
2/17/2020,43,55,30
2/18/2020,47,60,39
2/19/2020,48,53,28
2/20/2020,36,38,28
2/21/2020,30,38,21
2/22/2020,33,55,18
2/23/2020,38,58,19
2/24/2020,42,61,25
2/25/2020,49,52,45
2/26/2020,50,53,44
2/27/2020,41,44,28
2/28/2020,35,45,27
2/29/2020,33,37,27
3/1/2020,35,52,21
3/2/2020,47,66,33
3/3/2020,52,64,40
3/4/2020,54,65,40
3/5/2020,49,54,32
3/6/2020,41,52,28
3/7/2020,43,52,35
3/8/2020,44,63,26
3/9/2020,56,75,41
3/10/2020,61,73,54
3/11/2020,52,54,42
3/12/2020,51,66,39
3/13/2020,58,75,50
3/14/2020,52,58,36
3/15/2020,43,49,32
3/16/2020,42,53,31
3/17/2020,50,64,43
3/18/2020,50,56,38
3/19/2020,55,74,47
3/20/2020,66,80,55
3/21/2020,56,66,45
3/22/2020,45,52,36
3/23/2020,42,44,40
3/24/2020,45,53,34
3/25/2020,46,47,43
3/26/2020,48,61,39
3/27/2020,57,68,44
3/28/2020,56,58,51
3/29/2020,54,70,49
3/30/2020,59,74,46
3/31/2020,52,54,42
4/1/2020,45,56,40
4/2/2020,50,62,37
4/3/2020,56,66,45
4/4/2020,54,62,43
4/5/2020,53,71,42
4/6/2020,60,70,45
4/7/2020,58,73,47
4/8/2020,64,78,51
4/9/2020,58,69,45
4/10/2020,46,51,34
4/11/2020,47,63,34
4/12/2020,53,72,36
4/13/2020,65,77,50
4/14/2020,52,57,38
4/15/2020,44,53,37
4/16/2020,45,52,33
4/17/2020,44,59,29
4/18/2020,50,54,33
4/19/2020,47,65,30
4/20/2020,55,63,48
4/21/2020,55,68,43
4/22/2020,48,62,37
4/23/2020,52,58,41
4/24/2020,54,58,46
4/25/2020,53,62,39
4/26/2020,52,56,47
4/27/2020,50,59,41
4/28/2020,47,53,39
4/29/2020,55,75,40
4/30/2020,63,67,54
5/1/2020,57,64,50
5/2/2020,59,72,48
5/3/2020,65,79,58
5/4/2020,67,73,53
5/5/2020,54,58,47
5/6/2020,51,57,46
5/7/2020,52,68,39
5/8/2020,55,63,39
5/9/2020,42,50,33
5/10/2020,47,64,33
5/11/2020,54,60,44
5/12/2020,50,62,36
5/13/2020,53,70,34
5/14/2020,58,72,42
5/15/2020,72,86,62
5/16/2020,74,82,60
5/17/2020,65,67,58
5/18/2020,61,66,56
5/19/2020,62,69,55
5/20/2020,57,64,50
5/21/2020,57,72,50
5/22/2020,65,75,59
5/23/2020,71,83,60
5/24/2020,65,69,60
5/25/2020,66,77,61
5/26/2020,69,81,55
5/27/2020,71,80,61
5/28/2020,75,85,70
5/29/2020,78,86,66
5/30/2020,74,82,65
5/31/2020,68,75,55
6/1/2020,63,74,46
6/2/2020,63,81,50
6/3/2020,78,95,64
6/4/2020,80,91,66
6/5/2020,74,87,67
6/6/2020,77,90,66
6/7/2020,74,81,57
6/8/2020,70,82,57
6/9/2020,74,90,59
6/10/2020,82,90,74
6/11/2020,78,85,70
6/12/2020,76,86,59
6/13/2020,71,78,61
6/14/2020,68,74,58
6/15/2020,67,76,58
6/16/2020,68,76,62
6/17/2020,67,73,62
6/18/2020,71,81,67
6/19/2020,71,81,66
6/20/2020,71,80,64
6/21/2020,74,87,67
6/22/2020,77,88,68
6/23/2020,75,89,64
6/24/2020,77,84,68
6/25/2020,75,84,63
6/26/2020,73,88,58
6/27/2020,78,90,70
6/28/2020,79,87,72
6/29/2020,80,89,67
6/30/2020,79,89,66
7/1/2020,78,88,68
7/2/2020,78,90,65
7/3/2020,81,94,65
7/4/2020,83,93,70
7/5/2020,80,93,71
7/6/2020,80,95,71
7/7/2020,77,89,69
7/8/2020,81,91,73
7/9/2020,80,90,69
7/10/2020,81,90,73
7/11/2020,80,90,70
7/12/2020,78,89,64
7/13/2020,77,89,67
7/14/2020,79,89,65
7/15/2020,77,91,62
7/16/2020,80,88,73
7/17/2020,83,96,74
7/18/2020,86,97,71
7/19/2020,85,98,71
7/20/2020,86,99,75
7/21/2020,85,97,73
7/22/2020,78,95,70
7/23/2020,79,93,71
7/24/2020,77,84,73
7/25/2020,79,92,70
7/26/2020,84,94,74
7/27/2020,84,95,71
7/28/2020,83,92,73
7/29/2020,81,92,70
7/30/2020,82,95,69
7/31/2020,75,79,72
8/1/2020,78,86,70
8/2/2020,83,92,77
8/3/2020,80,86,71
8/4/2020,75,89,70
8/5/2020,77,87,67
8/6/2020,77,85,70
8/7/2020,77,86,70
8/8/2020,76,85,70
8/9/2020,78,91,69
8/10/2020,82,93,71
8/11/2020,81,92,72
8/12/2020,81,92,72
8/13/2020,76,84,74
8/14/2020,78,88,73
8/15/2020,75,79,68
8/16/2020,70,77,64
8/17/2020,71,85,61
8/18/2020,75,86,64
8/19/2020,73,84,64
8/20/2020,72,83,63
8/21/2020,74,84,65
8/22/2020,76,84,72
8/23/2020,78,90,72
8/24/2020,79,89,70
8/25/2020,80,92,69
8/26/2020,76,87,69
8/27/2020,80,93,71
8/28/2020,81,91,70
8/29/2020,76,86,72
8/30/2020,75,83,60
8/31/2020,69,75,64
9/1/2020,70,79,66
9/2/2020,77,87,72
9/3/2020,79,91,69
9/4/2020,78,88,65
9/5/2020,71,80,56
9/6/2020,69,83,55
9/7/2020,71,83,57
9/8/2020,71,85,58
9/9/2020,73,80,66
9/10/2020,77,83,74
9/11/2020,76,82,71
9/12/2020,71,73,62
9/13/2020,69,82,57
9/14/2020,73,78,62
9/15/2020,62,69,49
9/16/2020,58,73,46
9/17/2020,63,72,54
9/18/2020,68,75,57
9/19/2020,58,66,43
9/20/2020,53,68,41
9/21/2020,55,68,41
9/22/2020,54,72,38
9/23/2020,61,81,45
9/24/2020,64,73,54
9/25/2020,63,68,57
9/26/2020,65,74,61
9/27/2020,70,78,64
9/28/2020,70,80,65
9/29/2020,70,77,55
9/30/2020,60,71,52
10/1/2020,62,72,51
10/2/2020,60,68,44
10/3/2020,54,67,40
10/4/2020,53,68,40
10/5/2020,58,68,45
10/6/2020,55,73,40
10/7/2020,64,83,49
10/8/2020,65,71,45
10/9/2020,55,71,41
10/10/2020,62,74,55
10/11/2020,67,72,64
10/12/2020,62,65,55
10/13/2020,60,72,47
10/14/2020,58,75,43
10/15/2020,63,75,51
10/16/2020,61,68,45
10/17/2020,51,62,37
10/18/2020,48,65,34
10/19/2020,59,72,49
10/20/2020,63,76,50
10/21/2020,67,80,58
10/22/2020,67,82,59
10/23/2020,68,78,58
10/24/2020,65,75,55
10/25/2020,50,55,46
10/26/2020,51,61,46
10/27/2020,58,63,55
10/28/2020,63,71,60
10/29/2020,59,63,51
10/30/2020,51,55,42
10/31/2020,44,52,32
11/1/2020,49,58,39
11/2/2020,43,49,36
11/3/2020,48,64,33
11/4/2020,48,69,33
11/5/2020,55,70,39
11/6/2020,55,74,42
11/7/2020,55,76,38
11/8/2020,56,77,40
11/9/2020,59,76,46
11/10/2020,63,77,50
11/11/2020,67,70,62
11/12/2020,61,69,49
11/13/2020,52,62,45
11/14/2020,49,60,37
11/15/2020,53,70,42
11/16/2020,54,61,38
11/17/2020,44,56,32
11/18/2020,39,44,27
11/19/2020,36,54,24
11/20/2020,50,66,33
11/21/2020,53,67,40
11/22/2020,56,58,51
11/23/2020,52,57,37
11/24/2020,43,51,33
11/25/2020,48,57,41
11/26/2020,57,70,46
11/27/2020,54,61,45
11/28/2020,50,59,33
11/29/2020,42,58,28
11/30/2020,54,62,47
12/1/2020,45,47,38
12/2/2020,41,48,34
12/3/2020,38,53,25
12/4/2020,46,50,44
12/5/2020,45,48,41
12/6/2020,41,45,31
12/7/2020,35,40,28
12/8/2020,36,45,31
12/9/2020,34,44,26
12/10/2020,36,54,24
12/11/2020,44,62,32
12/12/2020,49,65,36
12/13/2020,56,65,39
12/14/2020,41,44,34
12/15/2020,35,41,27
12/16/2020,31,34,27
12/17/2020,31,36,28
12/18/2020,34,37,27
12/19/2020,30,36,23
12/20/2020,37,46,32
12/21/2020,38,45,35
12/22/2020,42,49,34
12/23/2020,38,49,25
12/24/2020,47,61,43
12/25/2020,40,55,22
12/26/2020,26,35,20
12/27/2020,29,41,19
12/28/2020,41,56,32
12/29/2020,40,42,24
12/30/2020,33,47,26
12/31/2020,46,51,39
1/1/2021,37,39,34
1/2/2021,41,56,35
1/3/2021,40,42,34
1/4/2021,37,44,28
1/5/2021,38,40,37
1/6/2021,39,41,34
1/7/2021,38,46,30
1/8/2021,34,39,29
1/9/2021,36,46,30
1/10/2021,39,48,25
1/11/2021,31,42,22
1/12/2021,32,49,20
1/13/2021,34,51,22
1/14/2021,37,56,24
1/15/2021,40,52,27
1/16/2021,40,46,29
1/17/2021,38,47,28
1/18/2021,37,45,29
1/19/2021,39,51,26
1/20/2021,36,43,22
1/21/2021,34,54,19
1/22/2021,38,49,26
1/23/2021,33,38,24
1/24/2021,28,37,22
1/25/2021,35,38,31
1/26/2021,33,37,31
1/27/2021,38,44,33
1/28/2021,33,35,26
1/29/2021,27,31,22
1/30/2021,28,39,19
1/31/2021,30,32,28
2/1/2021,29,33,26
2/2/2021,33,36,31
2/3/2021,35,41,31
2/4/2021,36,49,28
2/5/2021,44,55,28
2/6/2021,38,50,27
2/7/2021,38,43,24
2/8/2021,30,38,22
2/9/2021,35,49,27
2/10/2021,36,42,29
2/11/2021,33,,
